timestamp,src_ip,dst_ip,src_port,dst_port,protocol,action,bytes,attack_tag,info,label
2025-10-19T13:15:03+00:00,183.16.102.92,39.51.63.42,6698,3306,TCP,DENY,5723,,,0
2025-10-19T13:15:03+00:00,10.47.201,166.38.214.252,49053,16912,TCP,ALLOW,10054,,,0
2025-10-19T13:15:03+00:00,172.16.134.207,215.60.223.94,37045,443,ICMP,ALLOW,7688,,,0
2025-10-19T13:15:04+00:00,192.168.215.206,191.85.24.36,48508,80,ICMP,ALLOW,3006,,,0
2025-10-19T13:15:04+00:00,172.16.224.46,92.53.175.104,35936,3389,ICMP,ALLOW,2343,,,0
2025-10-19T13:15:03+00:00,172.16.57.250,166.26.101.1,4803,3389,TCP,ALLOW,9478,,,0
2025-10-19T13:15:03+00:00,64.117.170.107,77.27.154.164,22668,3389,TCP,ALLOW,9776,,,0
2025-10-19T13:15:03+00:00,192.168.220.13,131.190.106.71,13213,1433,UDP,ALLOW,10302,,,0
2025-10-19T13:15:03+00:00,118.8.57.78,19.151.41.129,28518,2846,ICMP,DENY,98,,,0
2025-10-19T13:15:03+00:00,10.230.94,234.131.250.253,7757,1433,TCP,ALLOW,7397,,,0
2025-10-19T13:15:13+00:00,10.211.15,168.14.121.17,13368,3389,UDP,ALLOW,10631,,,0
2025-10-19T13:15:14+00:00,10.188.177,226.5.165.146,56910,1433,TCP,ALLOW,8575,,,0
2025-10-19T13:15:13+00:00,10.219.253,1.144.137.251,28621,22,TCP,ALLOW,4627,,,0
2025-10-19T13:15:13+00:00,192.168.222.111,46.227.92.126,36697,7799,UDP,ALLOW,1787,,,0
2025-10-19T13:15:14+00:00,10.93.111,27.161.99.73,22071,58365,ICMP,ALLOW,3412,,,0
2025-10-19T13:15:14+00:00,10.15.2,54.71.38.88,64450,42839,UDP,DENY,11200,,,0
2025-10-19T13:15:13+00:00,10.211.189,223.228.169.3,30369,3389,UDP,ALLOW,8612,,,0
2025-10-19T13:15:13+00:00,172.16.121.94,79.48.19.187,53092,19630,ICMP,ALLOW,8757,,,0
2025-10-19T13:15:13+00:00,3.119.233.224,20.214.27.31,61065,8080,UDP,ALLOW,7848,,,0
2025-10-19T13:15:13+00:00,10.69.36,120.134.74.53,25768,22,TCP,DENY,528,,,0
2025-10-19T13:15:23+00:00,172.16.28.146,3.5.181.98,58840,3389,ICMP,ALLOW,4093,,,0
2025-10-19T13:15:23+00:00,10.5.228,119.228.214.111,63198,60035,ICMP,ALLOW,10851,,,0
2025-10-19T13:15:23+00:00,10.144.30,82.216.154.214,18404,3306,ICMP,ALLOW,7392,,,0
2025-10-19T13:15:23+00:00,10.3.143,175.208.54.186,35847,11496,ICMP,ALLOW,1939,,,0
2025-10-19T13:15:24+00:00,2.39.1.175,139.246.157.172,37926,33128,TCP,ALLOW,3166,,,0
2025-10-19T13:15:24+00:00,139.172.28.128,128.14.9.213,1846,8080,ICMP,ALLOW,11570,,,0
2025-10-19T13:15:23+00:00,172.16.86.38,82.106.73.20,26552,17739,UDP,ALLOW,5235,,,0
2025-10-19T13:15:23+00:00,192.168.54.12,146.149.230.231,62055,53,ICMP,ALLOW,3787,,,0
2025-10-19T13:15:24+00:00,10.185.126,130.177.29.127,44252,3389,ICMP,DENY,11266,,,0
2025-10-19T13:15:23+00:00,213.11.78.205,152.39.133.100,45641,3389,UDP,ALLOW,3928,,,0
2025-10-19T13:15:23+00:00,172.16.69.178,214.60.97.22,41866,1433,ICMP,DENY,2586,,,0
2025-10-19T13:15:33+00:00,172.16.175.186,40.126.83.201,29253,22,UDP,ALLOW,6663,,,0
2025-10-19T13:15:33+00:00,192.168.128.2,60.160.73.181,7395,8080,UDP,ALLOW,4160,,,0
2025-10-19T13:15:33+00:00,111.10.221.208,29.105.28.193,18454,45456,ICMP,ALLOW,9189,,,0
2025-10-19T13:15:34+00:00,10.20.122,173.208.29.153,30977,20650,ICMP,ALLOW,8493,,,0
2025-10-19T13:15:34+00:00,172.16.243.206,200.8.165.243,18199,1433,ICMP,ALLOW,1759,,,0
2025-10-19T13:15:33+00:00,172.16.101.54,91.65.201.137,47426,20500,UDP,ALLOW,10340,,,0
2025-10-19T13:15:33+00:00,85.150.22.75,212.74.224.75,55219,443,UDP,ALLOW,1322,,,0
2025-10-19T13:15:33+00:00,192.168.99.30,6.220.49.254,51573,8080,ICMP,DENY,566,,,0
2025-10-19T13:15:33+00:00,192.168.128.72,38.171.114.143,18472,443,UDP,ALLOW,3674,,,0
2025-10-19T13:15:34+00:00,62.110.184.25,220.48.18.98,7573,33686,UDP,ALLOW,1437,,,0
2025-10-19T13:15:33+00:00,172.16.151.79,130.107.67.137,11612,22,UDP,ALLOW,11493,,,0
2025-10-19T13:15:33+00:00,192.168.223.41,226.61.90.7,48967,22,TCP,ALLOW,9664,,,0
2025-10-19T13:15:43+00:00,172.16.2.44,119.28.240.206,3781,1433,UDP,ALLOW,4093,,,0
2025-10-19T13:15:43+00:00,225.75.56.144,118.203.111.89,60145,35319,ICMP,ALLOW,3136,,,0
2025-10-19T13:15:44+00:00,10.208.230,254.77.67.202,61156,22,TCP,ALLOW,10949,,,0
2025-10-19T13:15:43+00:00,10.54.135,186.210.148.83,26175,8080,UDP,ALLOW,8601,,,0
2025-10-19T13:15:43+00:00,141.252.190.124,198.158.52.162,36445,22,UDP,ALLOW,3932,,,0
2025-10-19T13:15:44+00:00,172.16.149.171,71.197.94.237,44757,3306,TCP,ALLOW,283,,,0
2025-10-19T13:15:43+00:00,10.219.215,220.48.247.236,34287,3389,UDP,ALLOW,375,,,0
2025-10-19T13:15:43+00:00,10.247.180,105.220.243.190,35335,22,ICMP,ALLOW,9223,,,0
2025-10-19T13:15:43+00:00,125.40.89.134,144.201.142.174,63026,3389,ICMP,ALLOW,1224,,,0
2025-10-19T13:15:43+00:00,10.81.45,154.126.149.221,54412,25338,UDP,ALLOW,7834,,,0
2025-10-19T13:15:53+00:00,172.16.186.243,179.78.14.134,6016,179,TCP,ALLOW,8549,port_scan,port-scan dst=179.78.14.134:179,1
2025-10-19T13:15:53+00:00,172.16.186.243,126.190.147.148,29503,84,TCP,ALLOW,11653,port_scan,port-scan dst=126.190.147.148:84,1
2025-10-19T13:15:54+00:00,172.16.186.243,197.150.40.127,53575,869,ICMP,ALLOW,688,port_scan,port-scan dst=197.150.40.127:869,1
2025-10-19T13:15:53+00:00,172.16.186.243,154.101.209.69,52443,441,UDP,ALLOW,2486,port_scan,port-scan dst=154.101.209.69:441,1
2025-10-19T13:15:53+00:00,172.16.186.243,34.166.32.73,56332,180,ICMP,ALLOW,10368,port_scan,port-scan dst=34.166.32.73:180,1
2025-10-19T13:15:54+00:00,172.16.186.243,6.115.95.97,3009,384,ICMP,ALLOW,257,port_scan,port-scan dst=6.115.95.97:384,1
2025-10-19T13:15:53+00:00,172.16.186.243,203.224.26.224,45984,669,TCP,ALLOW,9206,port_scan,port-scan dst=203.224.26.224:669,1
2025-10-19T13:15:53+00:00,172.16.186.243,254.100.27.70,54464,780,TCP,ALLOW,9189,port_scan,port-scan dst=254.100.27.70:780,1
2025-10-19T13:15:53+00:00,172.16.186.243,75.187.202.225,2659,204,TCP,ALLOW,8410,port_scan,port-scan dst=75.187.202.225:204,1
2025-10-19T13:15:53+00:00,172.16.186.243,52.15.18.248,16525,175,TCP,ALLOW,2619,port_scan,port-scan dst=52.15.18.248:175,1
2025-10-19T13:15:53+00:00,172.16.186.243,119.149.145.113,8333,954,TCP,ALLOW,6287,port_scan,port-scan dst=119.149.145.113:954,1
2025-10-19T13:15:53+00:00,172.16.186.243,236.186.83.209,59797,512,UDP,ALLOW,1741,port_scan,port-scan dst=236.186.83.209:512,1
2025-10-19T13:15:53+00:00,172.16.186.243,231.128.33.242,17292,133,UDP,ALLOW,10075,port_scan,port-scan dst=231.128.33.242:133,1
2025-10-19T13:15:53+00:00,172.16.186.243,1.161.200.80,44415,313,UDP,ALLOW,9503,port_scan,port-scan dst=1.161.200.80:313,1
2025-10-19T13:15:53+00:00,172.16.186.243,9.47.76.62,65490,463,TCP,ALLOW,11287,port_scan,port-scan dst=9.47.76.62:463,1
2025-10-19T13:15:53+00:00,172.16.186.243,85.185.153.21,8205,799,ICMP,DENY,4226,port_scan,port-scan dst=85.185.153.21:799,1
2025-10-19T13:16:03+00:00,10.249.213,58.248.32.239,55081,4805,TCP,ALLOW,7066,,,0
2025-10-19T13:16:03+00:00,10.235.173,67.98.109.160,41571,11770,UDP,ALLOW,8421,,,0
2025-10-19T13:16:03+00:00,10.75.252,38.101.77.121,35920,53579,UDP,ALLOW,2690,,,0
2025-10-19T13:16:03+00:00,140.120.197.44,86.211.204.101,19921,80,ICMP,ALLOW,2644,,,0
2025-10-19T13:16:03+00:00,10.178.128,64.126.179.138,59265,41651,UDP,ALLOW,8458,,,0
2025-10-19T13:16:03+00:00,10.140.183,177.67.169.248,46233,80,ICMP,ALLOW,6089,,,0
2025-10-19T13:16:04+00:00,192.168.140.52,87.8.179.218,49995,3306,UDP,ALLOW,7568,,,0
2025-10-19T13:16:03+00:00,192.168.94.162,32.112.152.92,53857,3389,ICMP,ALLOW,3020,,,0
2025-10-19T13:16:04+00:00,192.168.148.49,148.198.23.102,38785,3389,UDP,ALLOW,4313,,,0
2025-10-19T13:16:04+00:00,10.157.168,127.101.85.160,59418,53,TCP,DENY,6903,,,0
2025-10-19T13:16:13+00:00,172.16.29.197,93.233.106.116,8425,3389,UDP,ALLOW,7239,,,0
2025-10-19T13:16:13+00:00,172.16.103.117,138.145.15.114,55010,65047,ICMP,ALLOW,441,,,0
2025-10-19T13:16:13+00:00,10.215.42,61.63.154.82,48180,443,UDP,ALLOW,637,,,0
2025-10-19T13:16:14+00:00,10.141.112,225.138.131.242,61529,3389,UDP,ALLOW,2490,,,0
2025-10-19T13:16:13+00:00,172.16.166.132,116.207.109.231,24531,3306,ICMP,ALLOW,4358,,,0
2025-10-19T13:16:13+00:00,148.110.156.129,118.215.126.245,49715,13792,UDP,ALLOW,9206,,,0
2025-10-19T13:16:23+00:00,126.60.194.211,87.8.163.247,54538,1433,ICMP,DENY,6472,,,0
2025-10-19T13:16:24+00:00,192.168.110.157,30.38.127.87,31641,3306,UDP,ALLOW,920,,,0
2025-10-19T13:16:23+00:00,172.16.248.88,10.114.40.178,64035,65188,UDP,ALLOW,77,,,0
2025-10-19T13:16:23+00:00,53.187.142.158,150.143.185.40,49410,51476,ICMP,ALLOW,550,,,0
2025-10-19T13:16:23+00:00,10.199.69,35.168.232.91,38475,10658,ICMP,ALLOW,2144,,,0
2025-10-19T13:16:23+00:00,48.253.82.6,119.57.55.187,44312,22,UDP,ALLOW,1308,,,0
2025-10-19T13:16:24+00:00,184.78.13.159,236.57.71.251,43282,53,ICMP,DENY,4449,,,0
2025-10-19T13:16:23+00:00,79.180.229.195,218.51.225.103,57868,80,ICMP,DENY,1977,,,0
2025-10-19T13:16:23+00:00,10.228.100,175.186.137.152,57580,1433,UDP,ALLOW,7641,,,0
2025-10-19T13:16:23+00:00,10.73.186,243.218.36.139,29095,8080,ICMP,ALLOW,1688,,,0
2025-10-19T13:16:24+00:00,10.203.227,174.55.23.126,53892,443,UDP,ALLOW,6536,,,0
2025-10-19T13:16:23+00:00,10.64.209,132.1.88.140,39013,3306,UDP,ALLOW,8076,,,0
2025-10-19T13:16:33+00:00,10.252.53,35.110.182.69,25821,1433,ICMP,ALLOW,10975,,,0
2025-10-19T13:16:33+00:00,10.54.21,61.247.132.68,60757,80,TCP,ALLOW,3905,,,0
2025-10-19T13:16:33+00:00,172.16.25.111,40.136.223.28,35785,57285,UDP,ALLOW,8467,,,0
2025-10-19T13:16:33+00:00,81.63.107.211,182.198.94.186,20225,1433,TCP,ALLOW,6954,,,0
2025-10-19T13:16:33+00:00,10.128.180,77.85.146.193,50266,443,TCP,DENY,3136,,,0
2025-10-19T13:16:33+00:00,10.60.218,146.104.187.47,19318,22,ICMP,ALLOW,7623,,,0
2025-10-19T13:16:33+00:00,172.16.131.25,45.84.16.169,61098,25890,ICMP,ALLOW,5775,,,0
2025-10-19T13:16:33+00:00,235.86.201.8,148.86.90.118,11315,53,ICMP,ALLOW,461,,,0
2025-10-19T13:16:33+00:00,19.221.137.114,59.210.125.181,54435,4119,ICMP,DENY,1785,,,0
2025-10-19T13:16:33+00:00,172.16.80.27,98.171.54.81,10872,8080,UDP,ALLOW,1361,,,0
2025-10-19T13:16:34+00:00,192.168.115.64,52.194.164.74,7266,8080,TCP,ALLOW,4274,,,0
2025-10-19T13:16:43+00:00,10.152.177,43.154.154.71,21878,22,ICMP,ALLOW,1003,,,0
2025-10-19T13:16:43+00:00,104.2.164.172,98.242.212.133,23678,57229,UDP,ALLOW,11842,,,0
2025-10-19T13:16:44+00:00,30.8.97.241,19.90.39.87,55967,23033,TCP,ALLOW,11055,,,0
2025-10-19T13:16:43+00:00,242.34.114.245,85.23.79.15,16987,3389,TCP,ALLOW,10332,,,0
2025-10-19T13:16:44+00:00,10.185.113,12.140.243.1,54617,62940,TCP,ALLOW,3596,,,0
2025-10-19T13:16:44+00:00,182.113.22.232,172.4.147.201,24202,3306,ICMP,ALLOW,3173,,,0
2025-10-19T13:16:43+00:00,77.94.175.77,30.142.138.12,32772,80,UDP,ALLOW,9066,,,0
2025-10-19T13:16:43+00:00,10.219.154,174.121.24.12,32838,1433,UDP,ALLOW,8009,,,0
2025-10-19T13:16:44+00:00,94.97.160.116,169.177.150.188,8697,3306,ICMP,ALLOW,7273,,,0
2025-10-19T13:16:43+00:00,13.130.231.179,128.49.250.1,55552,55428,UDP,DENY,5410,,,0
2025-10-19T13:16:43+00:00,192.168.172.169,227.42.243.209,61314,443,UDP,ALLOW,11871,,,0
2025-10-19T13:16:44+00:00,10.35.187,110.239.96.113,33627,8447,UDP,ALLOW,150,,,0
2025-10-19T13:16:54+00:00,10.34.161,69.89.41.232,18438,1433,ICMP,DENY,11987,,,0
2025-10-19T13:16:53+00:00,10.76.225,115.201.59.81,38249,3306,ICMP,DENY,5365,,,0
2025-10-19T13:16:53+00:00,10.162.195,147.248.145.23,61076,49153,TCP,ALLOW,2748,,,0
2025-10-19T13:16:54+00:00,246.14.240.244,64.19.56.53,40550,2965,TCP,ALLOW,2815,,,0
2025-10-19T13:16:53+00:00,192.168.176.219,232.32.107.48,22271,443,TCP,ALLOW,4566,,,0
2025-10-19T13:16:54+00:00,192.168.40.196,92.6.2.105,11102,30371,UDP,ALLOW,9542,,,0
2025-10-19T13:16:53+00:00,22.22.32.88,225.162.210.164,14476,22,UDP,ALLOW,7516,,,0
2025-10-19T13:16:54+00:00,192.168.7.180,58.180.145.18,60771,53,UDP,ALLOW,3124,,,0
2025-10-19T13:16:53+00:00,10.133.89,1.32.73.15,27918,63139,ICMP,ALLOW,8037,,,0
2025-10-19T13:16:53+00:00,172.16.19.128,246.12.159.253,61559,22,TCP,ALLOW,10382,,,0
2025-10-19T13:16:53+00:00,192.168.77.4,253.189.1.196,7359,8080,UDP,DENY,6802,,,0
2025-10-19T13:16:53+00:00,172.16.187.125,243.11.57.93,22497,3389,ICMP,DENY,11191,,,0
2025-10-19T13:17:04+00:00,133.1.190.187,217.34.131.116,48302,25297,TCP,ALLOW,5917,,,0
2025-10-19T13:17:03+00:00,239.249.16.236,24.201.25.53,38737,54279,ICMP,DENY,320,,,0
2025-10-19T13:17:03+00:00,225.212.224.23,1.99.145.33,12765,80,ICMP,ALLOW,423,,,0
2025-10-19T13:17:03+00:00,65.72.162.81,174.200.4.117,57962,53,TCP,ALLOW,4418,,,0
2025-10-19T13:17:03+00:00,192.168.183.197,24.120.105.76,56428,80,ICMP,ALLOW,1392,,,0
2025-10-19T13:17:14+00:00,28.217.207.237,58.159.225.212,65324,443,TCP,DENY,9573,,,0
2025-10-19T13:17:14+00:00,117.14.14.35,111.137.26.152,64826,32142,TCP,ALLOW,6028,,,0
2025-10-19T13:17:13+00:00,190.119.131.98,245.206.83.238,59021,65292,UDP,ALLOW,10885,,,0
2025-10-19T13:17:13+00:00,192.168.233.249,61.30.158.12,44879,17083,ICMP,ALLOW,7351,,,0
2025-10-19T13:17:13+00:00,172.16.226.213,123.211.109.164,41996,80,ICMP,ALLOW,7427,,,0
2025-10-19T13:17:13+00:00,236.61.214.126,63.146.114.186,39202,443,UDP,DENY,11854,,,0
2025-10-19T13:17:14+00:00,172.16.1.88,208.120.46.26,1891,32496,ICMP,ALLOW,3619,,,0
2025-10-19T13:17:13+00:00,82.197.216.12,236.79.161.19,33064,44783,TCP,ALLOW,239,,,0
2025-10-19T13:17:14+00:00,192.168.30.208,61.214.166.111,38220,80,TCP,ALLOW,11558,,,0
2025-10-19T13:17:13+00:00,192.168.197.247,233.136.228.22,16194,8080,TCP,DENY,8323,,,0
2025-10-19T13:17:24+00:00,10.110.202,61.177.134.99,44197,3306,ICMP,ALLOW,2994,,,0
2025-10-19T13:17:23+00:00,172.16.176.158,164.74.178.167,47705,443,TCP,ALLOW,1435,,,0
2025-10-19T13:17:23+00:00,10.139.81,23.89.41.111,62209,22,ICMP,ALLOW,11835,,,0
2025-10-19T13:17:23+00:00,10.158.89,94.168.220.78,42282,3306,TCP,ALLOW,8230,,,0
2025-10-19T13:17:23+00:00,192.168.224.130,153.101.228.130,28673,1433,TCP,ALLOW,3485,,,0
2025-10-19T13:17:33+00:00,10.162.108,64.228.246.142,1033,13678,TCP,ALLOW,212,,,0
2025-10-19T13:17:34+00:00,107.182.196.209,250.89.127.125,59672,20625,TCP,DENY,4217,,,0
2025-10-19T13:17:33+00:00,181.80.224.245,210.204.34.74,10075,3306,ICMP,DENY,9271,,,0
2025-10-19T13:17:33+00:00,10.76.249,11.44.47.27,30245,3389,ICMP,ALLOW,6140,,,0
2025-10-19T13:17:33+00:00,172.16.56.22,172.179.125.34,2883,3389,ICMP,ALLOW,7542,,,0
2025-10-19T13:17:44+00:00,172.16.254.82,110.24.26.45,64872,27150,TCP,ALLOW,7299,,,0
2025-10-19T13:17:43+00:00,10.170.107,121.202.70.136,45416,62646,TCP,ALLOW,2762,,,0
2025-10-19T13:17:43+00:00,192.168.92.213,221.9.249.143,44066,1433,UDP,ALLOW,8758,,,0
2025-10-19T13:17:43+00:00,192.168.46.7,65.43.141.2,4226,42630,ICMP,ALLOW,1492,,,0
2025-10-19T13:17:43+00:00,9.38.52.36,79.104.69.218,35427,80,UDP,ALLOW,4555,,,0
2025-10-19T13:17:43+00:00,192.168.224.15,35.246.19.251,43609,26014,UDP,ALLOW,3598,,,0
2025-10-19T13:17:43+00:00,192.168.64.29,17.79.23.47,8082,3389,TCP,ALLOW,2013,,,0
2025-10-19T13:17:43+00:00,192.168.80.227,143.203.231.247,23735,27649,UDP,ALLOW,11754,,,0
2025-10-19T13:17:53+00:00,192.168.212.193,72.149.212.51,21852,443,TCP,ALLOW,7586,,,0
2025-10-19T13:17:53+00:00,10.246.108,246.151.149.71,13011,80,UDP,DENY,9290,,,0
2025-10-19T13:17:54+00:00,10.92.204,80.146.247.15,38160,22,ICMP,ALLOW,11990,,,0
2025-10-19T13:17:54+00:00,15.64.34.15,207.156.230.86,46032,8080,TCP,ALLOW,1915,,,0
2025-10-19T13:17:53+00:00,10.61.167,44.231.63.167,49145,53,TCP,ALLOW,11499,,,0
2025-10-19T13:17:53+00:00,192.168.188.57,88.183.52.124,53260,80,TCP,ALLOW,11447,,,0
2025-10-19T13:18:03+00:00,10.14.49,1.9.96.249,30327,3306,ICMP,DENY,5566,,,0
2025-10-19T13:18:03+00:00,10.56.67,211.183.108.140,24352,53,UDP,ALLOW,10026,,,0
2025-10-19T13:18:03+00:00,42.150.107.247,77.2.27.4,34120,13778,UDP,ALLOW,4093,,,0
2025-10-19T13:18:04+00:00,172.16.76.2,22.112.21.165,33726,56747,ICMP,ALLOW,9979,,,0
2025-10-19T13:18:03+00:00,10.242.76,84.23.25.155,7020,80,UDP,ALLOW,3300,,,0
2025-10-19T13:18:03+00:00,192.168.156.123,209.224.61.74,58875,55738,UDP,ALLOW,2272,,,0
2025-10-19T13:18:14+00:00,57.37.203.123,148.27.59.230,39883,7937,TCP,ALLOW,3478,,,0
2025-10-19T13:18:14+00:00,172.16.25.33,204.21.129.166,46523,1433,TCP,DENY,7486,,,0
2025-10-19T13:18:13+00:00,57.41.83.192,187.28.82.166,28693,8080,UDP,ALLOW,8111,,,0
2025-10-19T13:18:14+00:00,188.114.134.162,30.57.16.190,32939,443,TCP,ALLOW,862,,,0
2025-10-19T13:18:13+00:00,192.168.138.232,96.27.246.211,3864,2396,UDP,ALLOW,2816,,,0
2025-10-19T13:18:13+00:00,192.168.83.5,176.143.226.209,25138,3389,TCP,ALLOW,8061,,,0
2025-10-19T13:18:14+00:00,98.98.52.167,37.48.8.113,1982,47818,ICMP,DENY,3663,,,0
2025-10-19T13:18:14+00:00,10.251.250,180.218.82.183,44765,443,TCP,DENY,2252,,,0
2025-10-19T13:18:13+00:00,172.16.11.55,40.211.242.101,8323,443,UDP,ALLOW,11264,,,0
2025-10-19T13:18:13+00:00,10.237.142,228.98.35.120,32850,49805,UDP,ALLOW,10090,,,0
2025-10-19T13:18:23+00:00,172.16.193.149,68.42.157.104,39665,80,UDP,ALLOW,11916,,,0
2025-10-19T13:18:23+00:00,192.168.75.69,208.69.67.204,56319,27211,UDP,ALLOW,4075,,,0
2025-10-19T13:18:23+00:00,10.4.152,198.212.141.11,21185,28663,UDP,ALLOW,1234,,,0
2025-10-19T13:18:23+00:00,172.16.23.120,8.221.18.225,24951,3306,TCP,ALLOW,3092,,,0
2025-10-19T13:18:24+00:00,192.168.109.192,112.86.11.89,6699,443,ICMP,DENY,3966,,,0
2025-10-19T13:18:23+00:00,10.35.102,114.50.73.213,39315,22,TCP,ALLOW,4501,,,0
2025-10-19T13:18:23+00:00,134.77.111.92,14.207.225.250,56659,37315,UDP,ALLOW,11197,,,0
2025-10-19T13:18:24+00:00,10.226.232,173.17.222.64,8911,443,TCP,ALLOW,6055,,,0
2025-10-19T13:18:34+00:00,10.35.35,221.1.112.18,24471,1433,UDP,ALLOW,10926,,,0
2025-10-19T13:18:33+00:00,172.16.28.12,4.212.189.136,32881,29127,TCP,ALLOW,8876,,,0
2025-10-19T13:18:33+00:00,10.241.39,179.31.220.203,62251,22,TCP,ALLOW,10015,,,0
2025-10-19T13:18:34+00:00,172.16.116.25,50.54.36.31,61711,443,ICMP,ALLOW,8166,,,0
2025-10-19T13:18:33+00:00,110.11.63.129,147.128.228.3,64990,8080,ICMP,ALLOW,4923,,,0
2025-10-19T13:18:34+00:00,10.135.7,213.128.126.211,31642,5595,TCP,ALLOW,11667,,,0
2025-10-19T13:18:33+00:00,172.16.57.76,143.82.180.179,21704,8080,ICMP,ALLOW,586,,,0
2025-10-19T13:18:33+00:00,10.217.97,197.136.100.75,3075,80,ICMP,ALLOW,3889,,,0
2025-10-19T13:18:33+00:00,10.78.88,55.21.27.3,25196,53,ICMP,ALLOW,2522,,,0
2025-10-19T13:18:44+00:00,172.16.92.46,28.22.29.32,16279,11306,ICMP,ALLOW,11067,,,0
2025-10-19T13:18:43+00:00,172.16.59.14,35.138.179.84,15086,27405,TCP,ALLOW,2025,,,0
2025-10-19T13:18:43+00:00,10.40.179,170.34.172.239,10419,3389,UDP,ALLOW,9438,,,0
2025-10-19T13:18:44+00:00,172.16.123.160,78.108.88.81,33409,80,TCP,ALLOW,7183,,,0
2025-10-19T13:18:43+00:00,192.168.118.242,237.134.83.5,40260,8080,TCP,ALLOW,6152,,,0
2025-10-19T13:18:43+00:00,172.16.1.87,161.101.137.142,30718,3389,UDP,DENY,6396,,policy deny,0
2025-10-19T13:18:43+00:00,192.168.216.214,1.188.84.17,41400,3389,UDP,ALLOW,11503,,,0
2025-10-19T13:18:43+00:00,97.67.83.85,147.97.80.196,6413,8080,TCP,ALLOW,8093,,,0
2025-10-19T13:18:43+00:00,192.168.20.147,37.50.163.48,29267,1433,ICMP,ALLOW,2342,,,0
2025-10-19T13:18:43+00:00,172.16.125.237,106.88.201.183,63636,443,UDP,ALLOW,2695,,,0
2025-10-19T13:18:54+00:00,190.167.34.137,183.112.181.248,55338,80,ICMP,ALLOW,6630,,,0
2025-10-19T13:18:54+00:00,121.69.213.15,79.158.197.220,42396,443,UDP,DENY,11878,,,0
2025-10-19T13:18:53+00:00,10.84.131,178.180.121.128,53752,80,UDP,ALLOW,8995,,,0
2025-10-19T13:18:53+00:00,94.132.223.250,65.247.57.87,52824,8080,TCP,ALLOW,284,,,0
2025-10-19T13:18:53+00:00,229.251.141.172,140.34.206.73,30254,3306,ICMP,ALLOW,6342,,,0
2025-10-19T13:18:53+00:00,231.206.213.229,109.148.169.177,52389,22,TCP,ALLOW,4463,,,0
2025-10-19T13:19:03+00:00,192.168.238.119,100.122.139.32,13635,22,UDP,ALLOW,11273,,,0
2025-10-19T13:19:04+00:00,34.45.3.26,133.119.72.156,1100,80,TCP,ALLOW,10328,,,0
2025-10-19T13:19:03+00:00,192.168.10.216,12.51.150.63,49871,19143,ICMP,ALLOW,9496,,,0
2025-10-19T13:19:03+00:00,96.46.13.137,91.108.91.142,16358,8080,ICMP,ALLOW,249,,,0
2025-10-19T13:19:03+00:00,172.16.82.64,48.118.108.104,35098,55994,TCP,ALLOW,2227,,,0
2025-10-19T13:19:03+00:00,134.237.209.2,145.77.225.22,63446,3306,UDP,ALLOW,9418,,,0
2025-10-19T13:19:03+00:00,211.109.241.232,190.48.198.40,15271,443,ICMP,ALLOW,10625,,,0
2025-10-19T13:19:03+00:00,10.126.34,111.159.5.71,27778,443,UDP,ALLOW,2987,,,0
2025-10-19T13:19:04+00:00,10.18.44,131.241.129.183,14804,33174,TCP,DENY,11661,,policy deny,0
2025-10-19T13:19:03+00:00,187.226.22.54,26.67.141.90,57367,8080,UDP,ALLOW,8906,,,0
2025-10-19T13:19:14+00:00,192.168.202.76,248.109.223.208,43845,1433,UDP,DENY,6356,,,0
2025-10-19T13:19:13+00:00,210.202.117.222,223.233.114.28,34088,44092,UDP,ALLOW,7698,,,0
2025-10-19T13:19:13+00:00,10.12.212,45.23.251.189,36269,22,UDP,ALLOW,5347,,,0
2025-10-19T13:19:14+00:00,192.168.152.202,166.186.174.207,18660,80,ICMP,ALLOW,10282,,,0
2025-10-19T13:19:13+00:00,10.169.99,27.12.187.150,26024,3389,TCP,DENY,8834,,,0
2025-10-19T13:19:13+00:00,172.16.106.247,248.31.218.143,30966,3306,ICMP,ALLOW,9687,,,0
2025-10-19T13:19:13+00:00,192.168.187.215,88.187.205.232,55121,53,TCP,ALLOW,3318,,,0
2025-10-19T13:19:23+00:00,186.10.192.242,213.213.138.226,60489,3306,ICMP,ALLOW,1413,,,0
2025-10-19T13:19:23+00:00,13.9.80.173,83.125.197.143,45741,80,UDP,ALLOW,4278,,,0
2025-10-19T13:19:24+00:00,172.16.230.8,195.114.10.204,61552,8080,TCP,ALLOW,60,,,0
2025-10-19T13:19:23+00:00,192.168.59.20,102.194.5.137,42936,3389,ICMP,ALLOW,8112,,,0
2025-10-19T13:19:24+00:00,192.168.44.234,7.165.93.133,60253,1433,UDP,ALLOW,7937,,,0
2025-10-19T13:19:23+00:00,10.183.205,110.113.87.172,54433,31392,UDP,ALLOW,2794,,,0
2025-10-19T13:19:23+00:00,192.168.223.221,57.107.203.162,53836,3389,ICMP,ALLOW,6942,,,0
2025-10-19T13:19:23+00:00,172.16.201.117,236.106.220.253,4804,8080,ICMP,ALLOW,9861,,,0
2025-10-19T13:19:24+00:00,192.168.49.234,228.89.125.132,47762,8080,ICMP,DENY,2170,,,0
2025-10-19T13:19:33+00:00,172.16.118.181,244.124.243.142,30157,7593,ICMP,DENY,8602,,,0
2025-10-19T13:19:33+00:00,10.57.187,83.144.4.100,26162,57804,UDP,DENY,4240,,,0
2025-10-19T13:19:33+00:00,82.30.44.163,192.125.172.218,47078,11347,UDP,ALLOW,11795,,,0
2025-10-19T13:19:33+00:00,49.64.199.218,9.123.134.254,46495,1433,ICMP,ALLOW,1953,,,0
2025-10-19T13:19:33+00:00,192.168.236.171,123.128.21.138,43638,30712,TCP,ALLOW,8145,,,0
2025-10-19T13:19:33+00:00,18.238.6.108,216.181.254.73,51062,22,UDP,ALLOW,5632,,,0
2025-10-19T13:19:34+00:00,10.202.57,1.199.56.97,28460,8080,UDP,ALLOW,11161,,,0
2025-10-19T13:19:33+00:00,251.183.220.196,64.84.71.86,14600,8080,TCP,ALLOW,6477,,,0
2025-10-19T13:19:33+00:00,10.185.238,136.195.216.244,37760,53,UDP,ALLOW,6413,,,0
2025-10-19T13:19:33+00:00,192.168.134.73,87.44.9.47,48193,27423,ICMP,ALLOW,124,,,0
2025-10-19T13:19:33+00:00,192.168.16.166,253.70.45.93,21432,29945,UDP,ALLOW,11727,,,0
2025-10-19T13:19:43+00:00,192.168.38.43,48.89.107.126,18709,15762,UDP,ALLOW,4806,,,0
2025-10-19T13:19:43+00:00,192.168.76.60,244.58.13.194,54684,443,UDP,ALLOW,7718,,,0
2025-10-19T13:19:43+00:00,192.168.116.5,6.79.68.243,22146,3306,UDP,ALLOW,2130,,,0
2025-10-19T13:19:43+00:00,172.16.208.128,75.174.33.50,13784,1433,ICMP,ALLOW,2197,,,0
2025-10-19T13:19:43+00:00,75.154.236.37,44.101.72.72,33201,12205,ICMP,ALLOW,2979,,,0
2025-10-19T13:19:44+00:00,10.85.241,177.13.227.213,41938,54415,TCP,ALLOW,4865,,,0
2025-10-19T13:19:44+00:00,192.168.193.247,120.19.254.249,63870,53,ICMP,ALLOW,4493,,,0
2025-10-19T13:19:53+00:00,192.168.88.58,103.209.171.24,26046,3389,TCP,DENY,2104,,policy deny,0
2025-10-19T13:19:54+00:00,179.179.36.78,12.139.231.117,16394,80,ICMP,DENY,7442,,,0
2025-10-19T13:19:53+00:00,10.223.51,185.50.92.21,24661,53,ICMP,ALLOW,6355,,,0
2025-10-19T13:19:53+00:00,192.168.89.139,194.238.222.41,44774,3389,UDP,ALLOW,10168,,,0
2025-10-19T13:19:53+00:00,172.16.167.163,56.204.94.161,22644,16427,ICMP,ALLOW,3038,,,0
2025-10-19T13:20:03+00:00,137.167.40.39,89.21.70.243,39318,555,ICMP,ALLOW,8200,port_scan,port-scan dst=89.21.70.243:555,1
2025-10-19T13:20:04+00:00,137.167.40.39,1.227.11.201,2241,897,UDP,ALLOW,8991,port_scan,port-scan dst=1.227.11.201:897,1
2025-10-19T13:20:03+00:00,137.167.40.39,91.2.36.144,49090,293,ICMP,DENY,5710,port_scan,port-scan dst=91.2.36.144:293,1
2025-10-19T13:20:04+00:00,137.167.40.39,54.65.83.15,5353,472,UDP,ALLOW,4147,port_scan,port-scan dst=54.65.83.15:472,1
2025-10-19T13:20:03+00:00,137.167.40.39,224.7.196.230,18173,898,UDP,DENY,6721,port_scan,port-scan dst=224.7.196.230:898,1
2025-10-19T13:20:04+00:00,137.167.40.39,96.195.222.154,40125,1001,UDP,DENY,644,port_scan,port-scan dst=96.195.222.154:1001,1
2025-10-19T13:20:03+00:00,137.167.40.39,252.57.39.220,63979,194,TCP,ALLOW,1191,port_scan,port-scan dst=252.57.39.220:194,1
2025-10-19T13:20:03+00:00,137.167.40.39,144.101.88.142,40338,127,TCP,DENY,5090,port_scan,port-scan dst=144.101.88.142:127,1
2025-10-19T13:20:04+00:00,137.167.40.39,72.47.173.121,22574,252,UDP,DENY,4578,port_scan,port-scan dst=72.47.173.121:252,1
2025-10-19T13:20:04+00:00,137.167.40.39,17.104.199.112,22889,637,UDP,DENY,2678,port_scan,port-scan dst=17.104.199.112:637,1
2025-10-19T13:20:04+00:00,137.167.40.39,35.229.93.99,35660,365,UDP,DENY,7731,port_scan,port-scan dst=35.229.93.99:365,1
2025-10-19T13:20:04+00:00,137.167.40.39,32.143.46.252,30225,705,ICMP,ALLOW,4788,port_scan,port-scan dst=32.143.46.252:705,1
2025-10-19T13:20:04+00:00,137.167.40.39,82.178.167.90,46278,692,UDP,ALLOW,11765,port_scan,port-scan dst=82.178.167.90:692,1
2025-10-19T13:20:04+00:00,137.167.40.39,32.141.119.41,61844,959,UDP,ALLOW,8348,port_scan,port-scan dst=32.141.119.41:959,1
2025-10-19T13:20:04+00:00,137.167.40.39,149.32.162.107,27759,607,TCP,ALLOW,9930,port_scan,port-scan dst=149.32.162.107:607,1
2025-10-19T13:20:04+00:00,137.167.40.39,161.249.204.64,7146,229,ICMP,ALLOW,9323,port_scan,port-scan dst=161.249.204.64:229,1
2025-10-19T13:20:13+00:00,10.244.195,68.112.36.90,3371,1433,TCP,ALLOW,4615,,,0
2025-10-19T13:20:14+00:00,192.168.97.217,82.6.60.188,20378,8080,ICMP,ALLOW,8576,,,0
2025-10-19T13:20:13+00:00,10.136.63,146.14.154.108,38331,44454,ICMP,ALLOW,9786,,,0
2025-10-19T13:20:13+00:00,105.61.98.238,89.12.70.8,38005,22,UDP,ALLOW,8373,,,0
2025-10-19T13:20:14+00:00,192.168.109.19,52.70.43.137,28481,53,ICMP,ALLOW,2740,,,0
2025-10-19T13:20:13+00:00,66.85.27.133,51.151.179.192,2500,19017,ICMP,ALLOW,5010,,,0
2025-10-19T13:20:23+00:00,183.82.71.201,50.191.41.209,31171,3389,UDP,ALLOW,10064,,,0
2025-10-19T13:20:23+00:00,254.71.79.22,16.224.121.193,47690,8080,TCP,ALLOW,10092,,,0
2025-10-19T13:20:23+00:00,10.64.175,200.166.248.199,35703,1433,UDP,DENY,1071,,,0
2025-10-19T13:20:23+00:00,192.168.29.166,18.46.121.30,47167,3389,TCP,ALLOW,5672,,,0
2025-10-19T13:20:23+00:00,49.32.164.201,146.167.121.63,18923,56513,ICMP,DENY,8837,,,0
2025-10-19T13:20:24+00:00,118.241.177.253,164.21.25.26,5879,53,TCP,ALLOW,1903,,,0
2025-10-19T13:20:23+00:00,172.16.132.52,61.2.177.144,21228,8080,UDP,ALLOW,7799,,,0
2025-10-19T13:20:23+00:00,125.2.118.148,248.179.188.72,57741,8080,ICMP,DENY,3849,,,0
2025-10-19T13:20:23+00:00,192.168.163.185,116.206.174.121,18340,1433,ICMP,ALLOW,5060,,,0
2025-10-19T13:20:23+00:00,10.60.143,48.28.135.116,11836,3306,TCP,ALLOW,10061,,,0
2025-10-19T13:20:33+00:00,172.16.175.159,109.187.196.117,18648,27702,UDP,ALLOW,7541,,,0
2025-10-19T13:20:34+00:00,10.185.156,35.227.216.21,62894,27060,ICMP,ALLOW,9554,,,0
2025-10-19T13:20:34+00:00,10.121.154,181.77.16.24,26495,3389,TCP,ALLOW,6701,,,0
2025-10-19T13:20:33+00:00,10.70.157,159.212.140.56,37324,60232,ICMP,ALLOW,5267,,,0
2025-10-19T13:20:34+00:00,70.171.253.153,152.23.45.25,17652,1433,TCP,ALLOW,3465,,,0
2025-10-19T13:20:33+00:00,55.251.219.4,134.109.144.208,38116,80,TCP,ALLOW,7739,,,0
2025-10-19T13:20:33+00:00,172.16.232.176,133.138.18.160,49064,443,TCP,ALLOW,1956,,,0
2025-10-19T13:20:33+00:00,10.129.48,75.216.160.4,19746,8080,ICMP,ALLOW,9377,,,0
2025-10-19T13:20:33+00:00,205.83.253.62,36.238.233.3,63930,443,UDP,ALLOW,3625,,,0
2025-10-19T13:20:43+00:00,192.168.127.84,63.242.248.235,60746,22,TCP,DENY,66,ssh_bruteforce,failed auth attempt to 63.242.248.235:22,1
2025-10-19T13:20:43+00:00,192.168.127.84,16.173.24.141,39923,22,TCP,DENY,8426,ssh_bruteforce,failed auth attempt to 16.173.24.141:22,1
2025-10-19T13:20:44+00:00,192.168.127.84,194.187.235.33,52823,22,TCP,DENY,1178,ssh_bruteforce,failed auth attempt to 194.187.235.33:22,1
2025-10-19T13:20:44+00:00,192.168.127.84,41.216.95.4,28360,22,TCP,ALLOW,7577,ssh_bruteforce,failed auth attempt to 41.216.95.4:22,1
2025-10-19T13:20:43+00:00,192.168.127.84,174.29.116.120,63754,22,TCP,ALLOW,597,ssh_bruteforce,failed auth attempt to 174.29.116.120:22,1
2025-10-19T13:20:43+00:00,192.168.127.84,194.167.138.65,58829,22,TCP,DENY,4979,ssh_bruteforce,failed auth attempt to 194.167.138.65:22,1
2025-10-19T13:20:43+00:00,192.168.127.84,239.236.11.49,7676,22,TCP,DENY,2167,ssh_bruteforce,failed auth attempt to 239.236.11.49:22,1
2025-10-19T13:20:43+00:00,192.168.127.84,182.164.8.31,27577,22,TCP,ALLOW,5699,ssh_bruteforce,failed auth attempt to 182.164.8.31:22,1
2025-10-19T13:20:44+00:00,192.168.127.84,104.216.87.37,21920,22,TCP,DENY,2259,ssh_bruteforce,failed auth attempt to 104.216.87.37:22,1
2025-10-19T13:20:54+00:00,192.168.77.25,243.209.135.58,21638,63589,TCP,ALLOW,978,,,0
2025-10-19T13:20:53+00:00,172.16.105.76,181.92.36.238,25900,22172,ICMP,ALLOW,6527,,,0
2025-10-19T13:20:54+00:00,124.87.27.3,142.228.249.248,48716,34968,TCP,ALLOW,1780,,,0
2025-10-19T13:20:53+00:00,10.62.73,141.14.12.52,13673,19177,UDP,ALLOW,7820,,,0
2025-10-19T13:20:54+00:00,10.104.77,59.225.203.40,49555,16633,TCP,ALLOW,10941,,,0
2025-10-19T13:20:54+00:00,43.107.106.245,179.212.159.201,14885,3389,TCP,DENY,9320,,,0
2025-10-19T13:20:53+00:00,10.12.200,214.5.193.56,64121,1433,ICMP,ALLOW,315,,,0
2025-10-19T13:20:53+00:00,172.16.97.183,63.186.21.142,28135,3389,ICMP,ALLOW,9187,,,0
2025-10-19T13:20:54+00:00,219.46.72.120,90.58.85.142,13521,3389,ICMP,ALLOW,4560,,,0
2025-10-19T13:20:53+00:00,148.104.169.198,247.15.40.200,45635,1433,ICMP,ALLOW,10980,,,0
2025-10-19T13:20:53+00:00,87.52.85.142,60.192.85.44,6878,80,ICMP,ALLOW,10001,,,0
2025-10-19T13:20:53+00:00,192.168.211.53,242.140.12.4,50262,53,TCP,ALLOW,5422,,,0
2025-10-19T13:21:03+00:00,192.168.238.245,21.105.163.254,37287,3389,TCP,ALLOW,2902,,,0
2025-10-19T13:21:03+00:00,172.16.79.180,89.139.59.85,11218,53,ICMP,ALLOW,5343,,,0
2025-10-19T13:21:03+00:00,10.82.89,202.196.244.2,63825,19853,ICMP,ALLOW,7776,,,0
2025-10-19T13:21:03+00:00,10.206.154,213.107.38.191,63150,1433,TCP,ALLOW,2945,,,0
2025-10-19T13:21:04+00:00,192.168.137.44,13.2.17.246,9121,3306,ICMP,DENY,4477,,,0
2025-10-19T13:21:03+00:00,146.240.200.76,179.174.222.131,43491,47426,ICMP,ALLOW,6665,,,0
2025-10-19T13:21:04+00:00,192.168.104.102,189.192.109.141,31573,16315,UDP,ALLOW,10139,,,0
2025-10-19T13:21:03+00:00,233.223.208.168,70.78.206.199,58456,13474,ICMP,ALLOW,3881,,,0
2025-10-19T13:21:04+00:00,76.62.142.114,18.187.146.85,45665,8080,ICMP,ALLOW,4176,,,0
2025-10-19T13:21:03+00:00,172.16.252.66,239.205.37.222,41772,34881,UDP,ALLOW,5612,,,0
2025-10-19T13:21:13+00:00,10.253.39,219.44.74.242,39054,1433,UDP,ALLOW,4007,,,0
2025-10-19T13:21:13+00:00,10.227.202,16.43.254.59,29069,8080,TCP,ALLOW,2932,,,0
2025-10-19T13:21:13+00:00,233.15.243.237,90.121.190.154,37498,3306,TCP,ALLOW,8279,,,0
2025-10-19T13:21:13+00:00,10.138.131,17.79.44.120,38173,80,ICMP,ALLOW,4539,,,0
2025-10-19T13:21:14+00:00,172.16.123.250,239.126.24.179,56763,8080,ICMP,ALLOW,512,,,0
2025-10-19T13:21:13+00:00,192.168.36.18,21.245.130.105,28173,30788,UDP,ALLOW,4210,,,0
2025-10-19T13:21:23+00:00,27.133.82.230,147.219.238.143,47475,1433,TCP,ALLOW,5094,,,0
2025-10-19T13:21:24+00:00,147.129.225.136,155.211.78.202,26626,47157,TCP,ALLOW,363,,,0
2025-10-19T13:21:23+00:00,172.16.125.202,194.218.36.163,39312,3306,TCP,ALLOW,11658,,,0
2025-10-19T13:21:24+00:00,10.229.156,4.152.104.19,52064,3306,ICMP,ALLOW,4271,,,0
2025-10-19T13:21:23+00:00,10.233.161,142.14.246.91,2024,1433,UDP,ALLOW,11381,,,0
2025-10-19T13:21:23+00:00,172.16.189.69,203.132.170.230,41779,1433,UDP,ALLOW,3799,,,0
2025-10-19T13:21:23+00:00,192.168.156.117,233.135.160.56,60647,443,TCP,ALLOW,5221,,,0
2025-10-19T13:21:23+00:00,192.168.210.9,135.71.164.63,19886,3389,UDP,DENY,3963,,,0
2025-10-19T13:21:23+00:00,172.16.120.142,82.43.115.29,35871,53,UDP,DENY,3292,,,0
2025-10-19T13:21:23+00:00,134.178.105.117,78.58.36.175,34234,443,UDP,ALLOW,4552,,,0
2025-10-19T13:21:24+00:00,172.16.248.198,109.250.102.187,31995,33127,ICMP,ALLOW,9298,,,0
2025-10-19T13:21:33+00:00,183.173.192.159,66.72.37.152,51295,80,UDP,ALLOW,1272,,,0
2025-10-19T13:21:34+00:00,77.170.242.39,86.229.233.64,7658,9950,TCP,ALLOW,3889,,,0
2025-10-19T13:21:33+00:00,192.168.38.216,173.54.2.229,32185,56903,TCP,ALLOW,4833,,,0
2025-10-19T13:21:33+00:00,237.10.170.197,15.183.131.239,40577,1433,UDP,ALLOW,10343,,,0
2025-10-19T13:21:33+00:00,192.168.176.60,28.67.109.238,32795,3389,UDP,DENY,3269,,,0
2025-10-19T13:21:33+00:00,10.157.194,195.27.146.201,25552,31187,UDP,ALLOW,6351,,,0
2025-10-19T13:21:33+00:00,172.16.179.148,211.151.139.153,24840,44143,ICMP,ALLOW,9026,,,0
2025-10-19T13:21:44+00:00,10.213.58,45.218.124.56,64867,8080,TCP,ALLOW,4134,,,0
2025-10-19T13:21:43+00:00,172.16.18.94,11.233.211.226,38105,1433,UDP,DENY,6743,,,0
2025-10-19T13:21:44+00:00,79.193.152.88,186.38.31.43,6504,53,ICMP,ALLOW,4563,,,0
2025-10-19T13:21:43+00:00,10.214.40,120.27.159.55,54209,42311,UDP,ALLOW,11000,,,0
2025-10-19T13:21:43+00:00,172.16.111.141,23.25.29.59,17863,44598,ICMP,ALLOW,9549,,,0
2025-10-19T13:21:43+00:00,10.132.62,116.15.147.78,20195,1433,TCP,ALLOW,10443,,,0
2025-10-19T13:21:43+00:00,192.168.49.178,75.129.126.129,25227,22,UDP,DENY,7241,,,0
2025-10-19T13:21:44+00:00,10.177.56,55.44.198.247,15035,3389,UDP,ALLOW,3740,,,0
2025-10-19T13:21:43+00:00,172.16.81.175,8.183.214.66,8276,13856,UDP,ALLOW,364,,,0
2025-10-19T13:21:43+00:00,10.78.65,114.107.180.84,15935,20551,ICMP,ALLOW,8634,,,0
2025-10-19T13:21:53+00:00,192.168.60.19,167.153.214.32,54109,80,ICMP,ALLOW,5827,,,0
2025-10-19T13:21:53+00:00,192.168.145.145,224.3.233.100,19792,22,ICMP,DENY,6814,,,0
2025-10-19T13:21:54+00:00,245.236.7.143,26.134.123.88,59368,8080,UDP,ALLOW,2387,,,0
2025-10-19T13:21:53+00:00,192.168.222.105,251.174.2.250,23593,8080,ICMP,ALLOW,9646,,,0
2025-10-19T13:21:54+00:00,192.168.99.65,50.59.76.91,18039,443,UDP,ALLOW,8421,,,0
2025-10-19T13:21:54+00:00,10.5.1,197.111.168.35,34885,443,TCP,ALLOW,10234,,,0
2025-10-19T13:21:53+00:00,172.16.102.20,120.72.248.29,1580,3306,UDP,DENY,8597,,,0
2025-10-19T13:21:53+00:00,192.168.153.252,131.55.142.72,51298,443,ICMP,ALLOW,1114,,,0
2025-10-19T13:22:03+00:00,10.191.197,174.190.197.41,7568,443,TCP,ALLOW,2210,,,0
2025-10-19T13:22:03+00:00,172.16.218.218,25.197.87.205,61455,8080,ICMP,ALLOW,1475,,,0
2025-10-19T13:22:03+00:00,10.112.172,231.244.118.26,14506,40019,ICMP,ALLOW,3169,,,0
2025-10-19T13:22:04+00:00,103.67.75.76,193.125.226.63,62396,22,ICMP,ALLOW,161,,,0
2025-10-19T13:22:04+00:00,192.168.29.55,129.160.173.124,36330,1433,ICMP,ALLOW,10457,,,0
2025-10-19T13:22:03+00:00,172.16.89.237,147.36.136.171,43402,55134,TCP,DENY,10592,,,0
2025-10-19T13:22:14+00:00,192.168.253.116,224.194.234.232,30390,46362,UDP,ALLOW,11966,,,0
2025-10-19T13:22:13+00:00,10.153.91,87.229.116.172,57867,443,TCP,DENY,10212,,,0
2025-10-19T13:22:13+00:00,172.16.55.151,75.239.241.132,57670,3306,UDP,ALLOW,10011,,,0
2025-10-19T13:22:13+00:00,112.222.140.169,119.83.151.41,16449,1433,TCP,DENY,6266,,,0
2025-10-19T13:22:13+00:00,10.59.138,32.86.14.15,62287,3306,UDP,DENY,8377,,,0
2025-10-19T13:22:13+00:00,68.250.74.174,23.89.195.38,48347,1433,TCP,ALLOW,9949,,,0
2025-10-19T13:22:13+00:00,192.168.244.112,99.7.50.148,60750,4925,UDP,ALLOW,8641,,,0
2025-10-19T13:22:24+00:00,10.137.30,125.23.87.109,4072,3306,UDP,ALLOW,9599,,,0
2025-10-19T13:22:24+00:00,172.16.48.64,226.126.48.208,29177,443,TCP,ALLOW,696,,,0
2025-10-19T13:22:23+00:00,109.232.85.149,145.121.137.97,65121,443,ICMP,ALLOW,1354,,,0
2025-10-19T13:22:23+00:00,222.51.95.100,239.84.173.198,15969,37737,TCP,ALLOW,8828,,,0
2025-10-19T13:22:23+00:00,23.94.120.156,166.25.231.25,44997,3389,ICMP,ALLOW,5226,,,0
2025-10-19T13:22:24+00:00,172.16.80.237,163.203.151.128,25054,80,TCP,ALLOW,2145,,,0
2025-10-19T13:22:24+00:00,172.16.162.83,147.84.22.113,37278,22,TCP,DENY,8466,,,0
2025-10-19T13:22:23+00:00,10.239.29,138.4.220.206,9274,3306,UDP,ALLOW,11783,,,0
2025-10-19T13:22:23+00:00,172.16.98.86,26.182.67.243,63684,3306,UDP,ALLOW,3026,,,0
2025-10-19T13:22:34+00:00,10.158.154,53.107.212.202,51553,55293,UDP,ALLOW,8888,,,0
2025-10-19T13:22:34+00:00,192.168.161.203,156.192.33.46,20418,80,ICMP,ALLOW,2047,,,0
2025-10-19T13:22:34+00:00,172.16.69.13,66.152.134.181,56958,80,TCP,ALLOW,10099,,,0
2025-10-19T13:22:33+00:00,172.16.213.147,156.21.222.220,21455,27239,ICMP,ALLOW,1719,,,0
2025-10-19T13:22:33+00:00,10.213.40,107.44.248.199,57067,8080,TCP,ALLOW,6662,,,0
2025-10-19T13:22:33+00:00,10.69.166,32.17.217.62,24682,22,ICMP,ALLOW,9915,,,0
2025-10-19T13:22:33+00:00,51.74.3.174,67.45.227.114,31711,27644,TCP,ALLOW,11789,,,0
2025-10-19T13:22:44+00:00,10.209.8,43.174.118.230,25842,8080,TCP,ALLOW,8564,,,0
2025-10-19T13:22:43+00:00,10.229.174,189.180.2.211,55497,53,UDP,ALLOW,3140,,,0
2025-10-19T13:22:43+00:00,172.16.89.241,156.41.63.157,45948,80,ICMP,ALLOW,4459,,,0
2025-10-19T13:22:43+00:00,172.16.5.1,188.33.154.125,11548,33977,TCP,DENY,4717,,,0
2025-10-19T13:22:43+00:00,10.95.64,60.3.2.2,18361,53,UDP,ALLOW,3774,,,0
2025-10-19T13:22:43+00:00,10.25.229,227.60.48.63,17915,38947,TCP,ALLOW,7855,,,0
2025-10-19T13:22:43+00:00,10.168.33,240.217.90.12,10754,60936,UDP,ALLOW,10968,,,0
2025-10-19T13:22:43+00:00,216.127.71.103,49.50.211.19,58693,443,TCP,DENY,7568,,,0
2025-10-19T13:22:43+00:00,10.186.110,51.216.224.132,47081,443,UDP,ALLOW,5395,,,0
2025-10-19T13:22:43+00:00,192.168.14.115,175.216.204.238,64460,80,TCP,ALLOW,7315,,,0
2025-10-19T13:22:43+00:00,172.16.100.193,21.105.120.219,45699,3389,TCP,ALLOW,8326,,,0
2025-10-19T13:22:44+00:00,192.168.210.22,152.247.155.159,6861,22,TCP,ALLOW,4619,,,0
2025-10-19T13:22:54+00:00,172.16.190.5,165.89.157.77,46912,80,TCP,ALLOW,4402,,,0
2025-10-19T13:22:53+00:00,10.215.162,202.65.183.139,3991,3389,UDP,ALLOW,685,,,0
2025-10-19T13:22:53+00:00,210.67.125.91,125.236.174.200,5646,22061,TCP,ALLOW,10291,,,0
2025-10-19T13:22:53+00:00,10.162.144,203.191.186.168,34313,443,UDP,ALLOW,2540,,,0
2025-10-19T13:22:54+00:00,192.168.0.25,153.11.38.200,31265,5125,TCP,ALLOW,11112,,,0
2025-10-19T13:22:53+00:00,33.177.172.3,159.119.5.45,3512,8080,TCP,ALLOW,4826,,,0
2025-10-19T13:23:03+00:00,10.184.220,112.197.145.112,26564,22,TCP,ALLOW,7115,,,0
2025-10-19T13:23:03+00:00,192.168.100.117,196.154.248.14,50081,19021,UDP,ALLOW,9444,,,0
2025-10-19T13:23:03+00:00,10.8.250,167.244.54.30,35110,5823,TCP,ALLOW,8180,,,0
2025-10-19T13:23:04+00:00,192.168.93.3,246.182.240.9,7865,3306,ICMP,DENY,658,,,0
2025-10-19T13:23:04+00:00,200.202.165.62,106.245.204.89,45237,21306,UDP,ALLOW,47,,,0
2025-10-19T13:23:03+00:00,172.16.79.36,19.180.102.220,31035,3306,UDP,ALLOW,2012,,,0
2025-10-19T13:23:03+00:00,160.76.219.207,7.124.252.164,31959,22,UDP,ALLOW,11220,,,0
2025-10-19T13:23:03+00:00,10.71.247,55.157.231.29,59878,22,ICMP,ALLOW,1078,,,0
2025-10-19T13:23:03+00:00,206.130.204.219,133.207.130.133,2411,443,UDP,ALLOW,5961,,,0
2025-10-19T13:23:13+00:00,179.141.223.10,216.117.254.90,60333,11881,UDP,ALLOW,600,,,0
2025-10-19T13:23:13+00:00,106.139.84.187,244.60.172.238,28236,22,TCP,ALLOW,6919,,,0
2025-10-19T13:23:14+00:00,192.168.210.161,205.236.33.14,34309,22,UDP,ALLOW,11949,,,0
2025-10-19T13:23:14+00:00,189.82.21.132,248.67.139.43,63040,1433,TCP,ALLOW,2756,,,0
2025-10-19T13:23:14+00:00,172.16.220.59,137.94.13.74,16817,22,UDP,ALLOW,11917,,,0
2025-10-19T13:23:13+00:00,175.95.144.251,104.230.139.103,22908,1433,TCP,DENY,8980,,policy deny,0
2025-10-19T13:23:13+00:00,200.78.17.122,34.142.80.168,41644,22,TCP,ALLOW,2236,,,0
2025-10-19T13:23:13+00:00,192.168.20.204,145.72.199.5,44640,3306,TCP,ALLOW,9474,,,0
2025-10-19T13:23:13+00:00,226.166.164.176,188.16.63.193,34797,3306,UDP,ALLOW,1451,,,0
2025-10-19T13:23:13+00:00,192.168.102.164,150.120.175.243,42302,443,ICMP,ALLOW,9045,,,0
2025-10-19T13:23:13+00:00,172.16.151.115,200.237.179.171,51613,22,TCP,ALLOW,2666,,,0
2025-10-19T13:23:13+00:00,172.16.61.247,252.223.77.165,23809,443,TCP,DENY,8339,,,0
2025-10-19T13:23:23+00:00,10.12.41,114.99.55.30,7368,8080,TCP,DENY,6106,,,0
2025-10-19T13:23:23+00:00,10.48.187,201.24.150.5,57004,53,TCP,ALLOW,6366,,,0
2025-10-19T13:23:24+00:00,74.106.246.67,71.42.2.28,17052,3306,TCP,ALLOW,10935,,,0
2025-10-19T13:23:23+00:00,172.16.136.46,180.79.67.88,54664,8080,ICMP,ALLOW,10218,,,0
2025-10-19T13:23:23+00:00,242.95.74.72,174.165.190.20,30632,22,ICMP,ALLOW,4128,,,0
2025-10-19T13:23:23+00:00,223.180.89.209,22.144.153.149,11852,53,ICMP,ALLOW,927,,,0
2025-10-19T13:23:24+00:00,10.53.236,67.119.35.70,41426,443,ICMP,ALLOW,6200,,,0
2025-10-19T13:23:23+00:00,10.191.94,72.121.54.180,7926,443,ICMP,ALLOW,7703,,,0
2025-10-19T13:23:23+00:00,124.106.232.170,135.208.14.204,51198,80,UDP,ALLOW,6723,,,0
2025-10-19T13:23:33+00:00,200.80.56.135,39.14.176.90,17934,45853,TCP,ALLOW,1013,,,0
2025-10-19T13:23:33+00:00,192.168.207.237,110.100.250.189,2064,3389,ICMP,DENY,596,,,0
2025-10-19T13:23:33+00:00,191.177.66.84,33.124.78.132,58695,28833,UDP,ALLOW,11216,,,0
2025-10-19T13:23:34+00:00,192.168.172.109,53.141.8.52,17653,58759,UDP,ALLOW,10308,,,0
2025-10-19T13:23:33+00:00,172.16.206.198,246.199.92.152,63890,3389,UDP,ALLOW,4013,,,0
2025-10-19T13:23:33+00:00,192.168.236.152,10.169.208.42,11461,1433,TCP,DENY,1675,,policy deny,0
2025-10-19T13:23:33+00:00,192.168.148.61,24.20.113.1,18446,53,ICMP,ALLOW,2808,,,0
2025-10-19T13:23:34+00:00,172.16.2.179,228.20.169.12,57288,5679,ICMP,ALLOW,7327,,,0
2025-10-19T13:23:33+00:00,172.16.134.30,65.180.80.37,48225,57259,UDP,ALLOW,5255,,,0
2025-10-19T13:23:33+00:00,192.168.146.76,204.10.238.231,53760,53,TCP,ALLOW,8990,,,0
2025-10-19T13:23:34+00:00,192.168.214.46,137.254.239.237,48510,54789,TCP,ALLOW,2438,,,0
2025-10-19T13:23:43+00:00,10.242.108,130.48.125.171,46342,1433,ICMP,ALLOW,3453,,,0
2025-10-19T13:23:44+00:00,139.115.212.160,196.69.181.65,15205,56006,UDP,ALLOW,10483,,,0
2025-10-19T13:23:43+00:00,172.16.6.237,137.242.11.213,3845,39473,ICMP,DENY,6865,,,0
2025-10-19T13:23:44+00:00,10.127.199,4.39.99.23,49894,443,TCP,ALLOW,1272,,,0
2025-10-19T13:23:43+00:00,172.16.161.192,51.199.152.105,50688,64630,TCP,ALLOW,1338,,,0
2025-10-19T13:23:43+00:00,172.16.20.251,78.45.164.212,20839,3389,ICMP,ALLOW,778,,,0
2025-10-19T13:23:43+00:00,192.168.86.16,17.176.116.74,5689,3389,TCP,ALLOW,4587,,,0
2025-10-19T13:23:43+00:00,229.72.111.35,112.241.173.78,6697,1433,ICMP,ALLOW,8668,,,0
2025-10-19T13:23:43+00:00,164.240.246.244,158.197.71.155,2518,53,TCP,DENY,10923,,,0
2025-10-19T13:23:43+00:00,10.6.255,117.135.87.189,2117,64761,UDP,ALLOW,2660,,,0
2025-10-19T13:23:43+00:00,172.16.252.31,200.182.119.143,7591,43387,ICMP,ALLOW,5864,,,0
2025-10-19T13:23:54+00:00,192.168.80.241,11.214.111.155,6371,7731,ICMP,DENY,5191,,,0
2025-10-19T13:23:53+00:00,10.103.59,88.30.23.113,55390,8080,UDP,ALLOW,6069,,,0
2025-10-19T13:23:54+00:00,192.168.40.223,115.193.139.16,1329,47129,TCP,ALLOW,6620,,,0
2025-10-19T13:23:53+00:00,10.168.133,235.242.56.4,10669,28574,UDP,ALLOW,9284,,,0
2025-10-19T13:23:53+00:00,192.168.124.41,77.166.238.36,42440,37004,TCP,DENY,2330,,,0
2025-10-19T13:23:53+00:00,108.223.235.209,130.185.251.79,43047,3306,UDP,ALLOW,8653,,,0
2025-10-19T13:23:53+00:00,192.168.198.201,123.45.134.77,35501,80,ICMP,ALLOW,10328,,,0
2025-10-19T13:23:53+00:00,192.168.78.211,113.116.15.229,65285,3306,UDP,ALLOW,10960,,,0
2025-10-19T13:24:03+00:00,36.158.113.22,39.132.207.72,59703,8080,ICMP,ALLOW,7611,,,0
2025-10-19T13:24:03+00:00,34.63.252.156,87.63.56.20,47712,3306,ICMP,ALLOW,10828,,,0
2025-10-19T13:24:03+00:00,10.22.141,202.10.229.136,51411,24330,TCP,ALLOW,11200,,,0
2025-10-19T13:24:04+00:00,119.122.231.53,241.96.134.243,48145,3306,TCP,ALLOW,8616,,,0
2025-10-19T13:24:04+00:00,10.192.9,253.207.129.2,64125,443,TCP,ALLOW,10593,,,0
2025-10-19T13:24:03+00:00,172.16.101.222,41.73.188.213,46225,3306,UDP,ALLOW,7066,,,0
2025-10-19T13:24:03+00:00,172.16.68.241,111.27.184.194,28875,53,TCP,ALLOW,6122,,,0
2025-10-19T13:24:04+00:00,58.157.139.253,206.127.112.137,52087,39289,UDP,ALLOW,1250,,,0
2025-10-19T13:24:03+00:00,40.109.99.237,161.107.114.4,3444,443,UDP,ALLOW,516,,,0
2025-10-19T13:24:03+00:00,214.96.30.227,224.5.66.167,65110,1433,TCP,DENY,1325,,policy deny,0
2025-10-19T13:24:03+00:00,10.118.4,208.85.100.103,33874,1433,UDP,ALLOW,5977,,,0
2025-10-19T13:24:14+00:00,192.168.138.186,50.1.212.239,19146,80,UDP,ALLOW,1361,,,0
2025-10-19T13:24:13+00:00,82.218.93.127,209.170.113.131,2034,80,UDP,ALLOW,1281,,,0
2025-10-19T13:24:13+00:00,10.193.162,143.250.46.135,62482,1433,UDP,ALLOW,4375,,,0
2025-10-19T13:24:13+00:00,192.168.105.166,189.97.84.22,23127,3389,TCP,ALLOW,10262,,,0
2025-10-19T13:24:13+00:00,18.192.225.23,242.177.134.197,47007,54102,ICMP,ALLOW,11148,,,0
2025-10-19T13:24:13+00:00,10.250.142.35,160.88.217.220,44935,22,ICMP,ALLOW,5810,,,0
2025-10-19T13:24:14+00:00,9.142.217.123,26.245.106.252,37599,1433,ICMP,ALLOW,641,,,0
2025-10-19T13:24:13+00:00,172.16.190.132,155.57.39.161,20357,3389,TCP,ALLOW,9528,,,0
2025-10-19T13:24:14+00:00,172.16.113.229,58.125.15.132,2392,1433,ICMP,ALLOW,11687,,,0
2025-10-19T13:24:13+00:00,10.128.232,209.191.33.70,6163,3389,TCP,ALLOW,10290,,,0
2025-10-19T13:24:13+00:00,170.117.165.237,90.28.68.89,26248,53,UDP,ALLOW,11023,,,0
2025-10-19T13:24:13+00:00,109.72.229.181,92.48.54.63,28083,3306,UDP,ALLOW,3220,,,0
2025-10-19T13:24:23+00:00,172.26.89.111,100.190.66.49,7610,8080,UDP,ALLOW,3643,,,0
2025-10-19T13:24:24+00:00,10.165.113,237.242.43.131,11011,8080,ICMP,ALLOW,11363,,,0
2025-10-19T13:24:23+00:00,172.16.84.180,204.250.145.59,32967,15143,TCP,ALLOW,1899,,,0
2025-10-19T13:24:23+00:00,172.16.146.72,187.69.238.63,44080,53,TCP,ALLOW,1490,,,0
2025-10-19T13:24:23+00:00,10.35.207,179.241.228.184,26506,53891,UDP,ALLOW,11294,,,0
2025-10-19T13:24:23+00:00,192.168.43.54,18.144.147.78,33668,1433,TCP,ALLOW,44,,,0
2025-10-19T13:24:23+00:00,172.16.5.129,176.201.197.223,24223,54343,ICMP,ALLOW,3478,,,0
2025-10-19T13:24:24+00:00,71.163.232.179,26.182.172.177,5224,3306,UDP,ALLOW,1509,,,0
2025-10-19T13:24:23+00:00,165.25.156.103,12.44.199.189,11047,443,ICMP,ALLOW,7363,,,0
2025-10-19T13:24:23+00:00,60.233.49.233,113.198.193.174,54288,16092,TCP,ALLOW,7507,,,0
2025-10-19T13:24:33+00:00,12.45.90.127,86.180.11.74,2760,80,TCP,ALLOW,5894,,,0
2025-10-19T13:24:33+00:00,192.168.135.34,139.234.58.214,22905,6969,TCP,ALLOW,6249,,,0
2025-10-19T13:24:33+00:00,192.168.26.249,36.230.153.150,6582,34154,ICMP,ALLOW,7841,,,0
2025-10-19T13:24:34+00:00,192.168.108.99,24.60.202.127,1922,53,ICMP,ALLOW,1614,,,0
2025-10-19T13:24:33+00:00,89.100.135.150,140.170.29.58,20642,22,ICMP,ALLOW,7937,,,0
2025-10-19T13:24:33+00:00,172.16.42.51,186.145.209.35,62127,53,TCP,ALLOW,4678,,,0
2025-10-19T13:24:34+00:00,59.224.157.91,246.218.125.10,49618,13586,ICMP,ALLOW,7468,,,0
2025-10-19T13:24:33+00:00,27.221.128.82,219.114.83.9,22367,1433,UDP,ALLOW,1106,,,0
2025-10-19T13:24:33+00:00,232.186.98.142,3.55.34.171,56342,3389,TCP,ALLOW,5314,,,0
2025-10-19T13:24:33+00:00,172.16.74.149,225.73.53.49,5052,22,UDP,ALLOW,2964,,,0
2025-10-19T13:24:43+00:00,172.16.82.151,135.230.154.168,44836,21903,ICMP,ALLOW,4793,,,0
2025-10-19T13:24:44+00:00,172.16.139.85,215.150.235.38,47883,22,TCP,ALLOW,6856,,,0
2025-10-19T13:24:43+00:00,172.16.50.202,206.87.29.93,22659,31837,TCP,ALLOW,4965,,,0
2025-10-19T13:24:43+00:00,108.24.24.78,112.192.126.191,23174,8080,ICMP,DENY,9940,,,0
2025-10-19T13:24:43+00:00,168.89.105.21,195.203.149.253,62528,3306,TCP,ALLOW,1812,,,0
2025-10-19T13:24:43+00:00,172.16.127.71,26.146.10.212,49582,29164,ICMP,ALLOW,7128,,,0
2025-10-19T13:24:43+00:00,10.201.108,14.243.133.183,7939,3306,TCP,ALLOW,6610,,,0
2025-10-19T13:24:44+00:00,172.16.140.61,198.228.142.43,54707,3389,TCP,ALLOW,8531,,,0
2025-10-19T13:24:43+00:00,192.168.43.65,222.199.41.47,12498,8080,UDP,DENY,3502,,,0
2025-10-19T13:24:43+00:00,172.16.41.148,238.161.138.81,64686,44416,UDP,ALLOW,4618,,,0
2025-10-19T13:24:43+00:00,192.168.58.218,23.22.162.183,33603,62467,ICMP,ALLOW,2268,,,0
2025-10-19T13:24:44+00:00,58.105.234.4,119.56.123.30,39543,3306,ICMP,ALLOW,5400,,,0
2025-10-19T13:24:53+00:00,192.168.218.171,132.160.9.168,28107,1433,ICMP,ALLOW,1273,,,0
2025-10-19T13:24:53+00:00,10.131.118,52.252.174.212,46331,443,UDP,ALLOW,10790,,,0
2025-10-19T13:24:54+00:00,192.168.1.240,85.57.254.134,17728,45106,UDP,ALLOW,1181,,,0
2025-10-19T13:24:53+00:00,169.60.49.28,112.157.60.135,20336,80,UDP,ALLOW,1043,,,0
2025-10-19T13:24:53+00:00,181.69.153.169,234.46.77.159,63829,8080,ICMP,ALLOW,7657,,,0
2025-10-19T13:24:53+00:00,45.35.18.100,218.118.51.167,60519,30456,UDP,DENY,584,,,0
2025-10-19T13:25:03+00:00,192.168.195.152,19.234.181.15,25877,41867,UDP,ALLOW,6187,,,0
2025-10-19T13:25:04+00:00,172.16.100.211,128.58.164.3,59490,80,UDP,ALLOW,8621,,,0
2025-10-19T13:25:03+00:00,207.207.2.32,160.57.246.21,46199,25885,TCP,ALLOW,11604,,,0
2025-10-19T13:25:03+00:00,192.168.68.118,167.223.111.136,7149,8832,TCP,DENY,7433,,,0
2025-10-19T13:25:03+00:00,10.27.166,84.212.46.181,25293,53,ICMP,DENY,10960,,,0
2025-10-19T13:25:13+00:00,227.222.225.3,91.97.64.172,43359,3389,UDP,ALLOW,3386,,,0
2025-10-19T13:25:13+00:00,192.168.21.112,91.218.62.137,38670,39847,TCP,ALLOW,308,,,0
2025-10-19T13:25:13+00:00,177.67.211.55,100.63.18.176,41371,443,UDP,ALLOW,1110,,,0
2025-10-19T13:25:13+00:00,45.202.81.147,224.218.238.15,2488,55590,UDP,ALLOW,2223,,,0
2025-10-19T13:25:14+00:00,172.16.233.96,137.164.209.182,51038,45447,ICMP,DENY,9765,,policy deny,0
2025-10-19T13:25:14+00:00,175.84.23.222,49.107.213.210,51605,22,ICMP,ALLOW,3826,,,0
2025-10-19T13:25:13+00:00,192.168.60.36,89.2.129.30,57217,3306,TCP,ALLOW,1702,,,0
2025-10-19T13:25:14+00:00,192.168.158.8,180.24.44.147,47913,80,UDP,ALLOW,10142,,,0
2025-10-19T13:25:13+00:00,192.168.229.58,211.132.71.161,21512,22,UDP,ALLOW,7860,,,0
2025-10-19T13:25:13+00:00,172.16.152.202,143.181.147.156,14610,80,UDP,ALLOW,9570,,,0
2025-10-19T13:25:13+00:00,246.191.250.211,82.9.29.158,26112,53,ICMP,ALLOW,4883,,,0
2025-10-19T13:25:13+00:00,172.16.198.93,40.40.44.20,62982,44095,UDP,DENY,11861,,,0
2025-10-19T13:25:24+00:00,10.105.171,2.22.231.67,31235,22,ICMP,ALLOW,1622,,,0
2025-10-19T13:25:23+00:00,249.109.150.241,173.99.149.67,50595,44421,TCP,ALLOW,3801,,,0
2025-10-19T13:25:23+00:00,192.168.219.24,95.20.167.85,57119,1433,TCP,ALLOW,9488,,,0
2025-10-19T13:25:24+00:00,165.33.185.77,45.198.148.142,55303,50271,ICMP,DENY,4709,,,0
2025-10-19T13:25:23+00:00,226.119.172.179,126.157.119.9,58446,10100,TCP,ALLOW,6826,,,0
2025-10-19T13:25:34+00:00,251.148.184.32,201.75.144.211,36333,443,UDP,ALLOW,5845,,,0
2025-10-19T13:25:33+00:00,192.168.20.84,171.174.110.41,63552,50524,ICMP,DENY,11988,,,0
2025-10-19T13:25:34+00:00,192.168.66.126,45.53.200.153,10079,53,ICMP,ALLOW,1017,,,0
2025-10-19T13:25:34+00:00,252.247.200.1,72.158.11.103,26418,11008,ICMP,ALLOW,1123,,,0
2025-10-19T13:25:34+00:00,161.171.203.111,196.43.84.116,46045,3306,ICMP,ALLOW,1150,,,0
2025-10-19T13:25:34+00:00,10.21.51,148.84.34.180,42982,3389,UDP,ALLOW,10990,,,0
2025-10-19T13:25:33+00:00,192.168.166.43,54.50.7.227,35412,29640,UDP,ALLOW,11429,,,0
2025-10-19T13:25:33+00:00,192.168.72.42,73.46.163.28,10980,443,TCP,ALLOW,8562,,,0
2025-10-19T13:25:43+00:00,113.92.188.93,11.86.71.134,44113,3389,UDP,ALLOW,2925,,,0
2025-10-19T13:25:43+00:00,172.16.66.211,14.172.70.115,40669,1433,UDP,ALLOW,10478,,,0
2025-10-19T13:25:43+00:00,174.89.221.24,194.175.232.148,46537,45896,TCP,DENY,7866,,,0
2025-10-19T13:25:43+00:00,248.167.39.194,56.186.227.105,57604,1433,TCP,ALLOW,5601,,,0
2025-10-19T13:25:43+00:00,10.248.151,134.191.191.176,33403,3306,ICMP,ALLOW,8704,,,0
2025-10-19T13:25:43+00:00,11.254.64.103,95.170.198.108,49578,3190,ICMP,ALLOW,1144,,,0
2025-10-19T13:25:44+00:00,52.198.15.27,224.231.248.59,43488,443,TCP,ALLOW,9341,,,0
2025-10-19T13:25:43+00:00,172.16.138.203,61.193.32.16,59896,3306,UDP,DENY,3666,,,0
2025-10-19T13:25:54+00:00,192.168.227.4,53.30.107.105,15642,26745,ICMP,ALLOW,3201,,,0
2025-10-19T13:25:53+00:00,10.18.91,99.169.149.31,1193,3306,TCP,ALLOW,5282,,,0
2025-10-19T13:25:53+00:00,59.227.195.145,35.161.1.196,30297,53,TCP,ALLOW,10063,,,0
2025-10-19T13:25:54+00:00,192.168.145.195,63.85.146.233,50210,80,TCP,ALLOW,9231,,,0
2025-10-19T13:25:53+00:00,10.144.88,47.188.169.121,60663,22,ICMP,ALLOW,4544,,,0
2025-10-19T13:25:53+00:00,251.204.165.132,125.37.80.49,5548,443,UDP,ALLOW,3142,,,0
2025-10-19T13:25:53+00:00,172.16.185.1,31.73.172.44,36821,14373,UDP,DENY,10734,,,0
2025-10-19T13:25:53+00:00,192.168.115.16,195.216.114.214,18444,30711,ICMP,ALLOW,1960,,,0
2025-10-19T13:25:53+00:00,10.43.41,165.36.196.119,12047,3306,UDP,ALLOW,4989,,,0
2025-10-19T13:26:03+00:00,126.142.209.223,92.246.89.107,25851,19465,ICMP,DENY,3679,,,0
2025-10-19T13:26:03+00:00,172.16.68.25,247.187.73.72,2615,59823,TCP,ALLOW,1004,,,0
2025-10-19T13:26:03+00:00,10.82.80,20.166.128.48,43684,22,TCP,ALLOW,4279,,,0
2025-10-19T13:26:03+00:00,172.16.67.135,216.196.251.103,49137,80,TCP,ALLOW,4813,,,0
2025-10-19T13:26:03+00:00,172.16.28.150,37.110.53.69,16203,8080,ICMP,ALLOW,11298,,,0
2025-10-19T13:26:04+00:00,139.44.200.49,103.38.163.33,39195,80,ICMP,ALLOW,6592,,,0
2025-10-19T13:26:14+00:00,156.231.24.65,120.230.96.163,59709,21444,UDP,ALLOW,7449,,,0
2025-10-19T13:26:13+00:00,68.165.112.53,247.170.122.41,32889,3306,UDP,ALLOW,11730,,,0
2025-10-19T13:26:14+00:00,192.168.44.92,169.165.166.23,35424,3306,ICMP,ALLOW,413,,,0
2025-10-19T13:26:13+00:00,40.158.70.193,29.213.135.200,34580,1433,UDP,DENY,109,,,0
2025-10-19T13:26:13+00:00,209.68.228.214,193.155.144.67,37790,15782,UDP,ALLOW,7209,,,0
2025-10-19T13:26:13+00:00,192.168.250.69,207.63.42.229,7969,3306,UDP,ALLOW,1799,,,0
2025-10-19T13:26:14+00:00,172.16.247.246,101.22.162.253,4909,22,ICMP,ALLOW,2415,,,0
2025-10-19T13:26:13+00:00,172.16.191.162,202.202.79.102,4313,1537,UDP,DENY,2401,,,0
2025-10-19T13:26:13+00:00,167.222.219.47,227.186.60.220,4847,53,UDP,ALLOW,808,,,0
2025-10-19T13:26:23+00:00,172.16.126.91,210.81.32.39,42574,3389,UDP,ALLOW,11803,,,0
2025-10-19T13:26:23+00:00,172.16.178.181,26.224.13.49,35910,53,ICMP,ALLOW,10146,,,0
2025-10-19T13:26:23+00:00,10.6.147,112.11.99.240,63089,22,ICMP,ALLOW,8171,,,0
2025-10-19T13:26:23+00:00,10.107.191,46.2.203.107,62450,38827,UDP,ALLOW,2958,,,0
2025-10-19T13:26:24+00:00,192.168.111.189,49.69.101.71,22169,46201,UDP,ALLOW,134,,,0
2025-10-19T13:26:23+00:00,111.74.84.239,165.241.21.98,54047,14448,TCP,ALLOW,1192,,,0
2025-10-19T13:26:24+00:00,10.248.164,26.54.208.223,36274,44658,UDP,ALLOW,462,,,0
2025-10-19T13:26:23+00:00,125.140.203.206,7.60.3.194,2168,80,TCP,DENY,7206,,,0
2025-10-19T13:26:24+00:00,45.51.135.225,89.63.83.232,54518,8956,ICMP,ALLOW,2337,,,0
2025-10-19T13:26:33+00:00,172.16.51.110,5.231.161.24,47260,8080,ICMP,ALLOW,1741,,,0
2025-10-19T13:26:33+00:00,153.47.6.77,201.196.169.192,56783,53,ICMP,ALLOW,7184,,,0
2025-10-19T13:26:33+00:00,172.16.202.214,202.169.46.144,13878,443,TCP,ALLOW,5927,,,0
2025-10-19T13:26:33+00:00,196.93.1.61,55.32.199.185,11518,3306,UDP,ALLOW,6221,,,0
2025-10-19T13:26:33+00:00,192.168.252.175,158.55.106.223,36409,50528,UDP,ALLOW,5980,,,0
2025-10-19T13:26:33+00:00,10.158.231,238.228.250.72,8859,56278,UDP,ALLOW,11208,,,0
2025-10-19T13:26:33+00:00,107.207.8.9,7.39.59.125,35665,53,TCP,ALLOW,11095,,,0
2025-10-19T13:26:33+00:00,10.210.81,33.45.156.211,38096,58909,TCP,ALLOW,7345,,,0
2025-10-19T13:26:33+00:00,10.193.213,169.116.31.168,51897,3306,ICMP,ALLOW,808,,,0
2025-10-19T13:26:33+00:00,195.39.162.70,187.34.128.247,50548,443,UDP,DENY,8476,,,0
2025-10-19T13:26:33+00:00,29.243.203.202,196.234.185.72,22099,443,UDP,DENY,8368,,,0
2025-10-19T13:26:34+00:00,192.168.77.90,253.94.238.121,3192,3389,TCP,ALLOW,1769,,,0
2025-10-19T13:26:43+00:00,9.113.196.96,238.70.57.131,58718,3306,ICMP,ALLOW,11083,,,0
2025-10-19T13:26:43+00:00,10.149.211,197.72.141.33,60883,8080,TCP,ALLOW,5749,,,0
2025-10-19T13:26:43+00:00,172.16.212.50,203.68.164.211,42625,53,TCP,ALLOW,9515,,,0
2025-10-19T13:26:43+00:00,172.16.120.168,1.117.186.206,21292,443,ICMP,DENY,1373,,,0
2025-10-19T13:26:43+00:00,224.116.66.241,250.200.188.211,53219,7852,TCP,ALLOW,7698,,,0
2025-10-19T13:26:43+00:00,10.236.101,89.85.36.89,49390,41218,UDP,ALLOW,2450,,,0
2025-10-19T13:26:44+00:00,192.168.237.44,168.16.73.88,10456,39423,ICMP,ALLOW,5646,,,0
2025-10-19T13:26:53+00:00,42.21.209.62,28.157.156.113,27202,3389,ICMP,ALLOW,2855,,,0
2025-10-19T13:26:53+00:00,10.246.137,94.1.59.124,55183,3389,UDP,ALLOW,9539,,,0
2025-10-19T13:26:53+00:00,10.179.223,71.238.113.47,29215,22,ICMP,DENY,11986,,,0
2025-10-19T13:26:53+00:00,73.132.174.29,200.56.192.176,33638,53,UDP,ALLOW,4220,,,0
2025-10-19T13:26:54+00:00,36.226.92.202,4.111.82.239,64013,443,TCP,ALLOW,1020,,,0
2025-10-19T13:26:53+00:00,172.16.70.149,137.34.77.87,38888,3306,UDP,ALLOW,926,,,0
2025-10-19T13:27:04+00:00,10.234.85,196.74.165.153,24293,80,ICMP,ALLOW,5315,,,0
2025-10-19T13:27:04+00:00,87.71.171.52,142.7.152.66,8725,29226,TCP,ALLOW,4922,,,0
2025-10-19T13:27:03+00:00,45.107.155.74,18.202.117.31,25766,32025,TCP,ALLOW,5609,,,0
2025-10-19T13:27:04+00:00,172.16.115.120,222.193.223.197,56817,20067,UDP,ALLOW,1517,,,0
2025-10-19T13:27:03+00:00,10.45.111,189.178.249.164,46369,1433,ICMP,ALLOW,338,,,0
2025-10-19T13:27:04+00:00,10.241.165,209.86.93.64,17302,54393,UDP,ALLOW,3719,,,0
2025-10-19T13:27:03+00:00,172.16.245.172,12.35.207.4,55740,443,TCP,DENY,7479,,,0
2025-10-19T13:27:04+00:00,10.82.173,242.94.129.115,10036,8080,UDP,ALLOW,5043,,,0
2025-10-19T13:27:03+00:00,172.16.101.57,203.203.169.82,36335,1433,UDP,ALLOW,8960,,,0
2025-10-19T13:27:03+00:00,10.51.164,13.34.233.53,38026,22294,ICMP,ALLOW,10082,,,0
2025-10-19T13:27:04+00:00,19.62.49.250,201.145.102.56,38075,8080,ICMP,ALLOW,11024,,,0
2025-10-19T13:27:03+00:00,172.16.253.91,37.93.202.147,56059,53,TCP,ALLOW,9713,,,0
2025-10-19T13:27:14+00:00,74.212.53.248,229.128.162.164,5670,53,TCP,ALLOW,1100,,,0
2025-10-19T13:27:13+00:00,10.212.206,55.167.145.57,38754,3306,ICMP,ALLOW,10191,,,0
2025-10-19T13:27:13+00:00,221.127.149.37,159.131.149.44,41482,1433,TCP,ALLOW,6233,,,0
2025-10-19T13:27:13+00:00,176.133.244.112,166.147.142.89,14454,443,TCP,ALLOW,8825,,,0
2025-10-19T13:27:13+00:00,172.16.210.244,80.161.160.112,64264,3306,ICMP,ALLOW,2087,,,0
2025-10-19T13:27:14+00:00,10.164.214,251.146.239.179,14574,29815,UDP,ALLOW,5692,,,0
2025-10-19T13:27:13+00:00,19.59.47.50,170.155.234.39,9373,14832,TCP,ALLOW,2767,,,0
2025-10-19T13:27:14+00:00,3.34.249.127,127.201.60.65,8089,22399,TCP,ALLOW,2723,,,0
2025-10-19T13:27:14+00:00,10.173.204,230.22.5.171,10126,443,ICMP,ALLOW,5931,,,0
2025-10-19T13:27:24+00:00,172.16.26.200,166.175.161.23,61898,430,ICMP,DENY,1258,port_scan,port-scan dst=166.175.161.23:430,1
2025-10-19T13:27:23+00:00,172.16.26.200,135.34.181.43,40328,880,TCP,DENY,7203,port_scan,port-scan dst=135.34.181.43:880,1
2025-10-19T13:27:24+00:00,172.16.26.200,109.87.249.112,17135,980,ICMP,DENY,9916,port_scan,port-scan dst=109.87.249.112:980,1
2025-10-19T13:27:23+00:00,172.16.26.200,58.13.232.138,40154,687,TCP,ALLOW,10156,port_scan,port-scan dst=58.13.232.138:687,1
2025-10-19T13:27:24+00:00,172.16.26.200,186.235.62.139,37566,560,TCP,DENY,3173,port_scan,port-scan dst=186.235.62.139:560,1
2025-10-19T13:27:24+00:00,172.16.26.200,67.194.202.65,62362,584,UDP,ALLOW,9103,port_scan,port-scan dst=67.194.202.65:584,1
2025-10-19T13:27:24+00:00,172.16.26.200,112.219.186.51,22942,482,UDP,ALLOW,7859,port_scan,port-scan dst=112.219.186.51:482,1
2025-10-19T13:27:23+00:00,172.16.26.200,90.164.5.33,34048,898,ICMP,ALLOW,2611,port_scan,port-scan dst=90.164.5.33:898,1
2025-10-19T13:27:23+00:00,172.16.26.200,186.142.143.84,4592,470,TCP,ALLOW,8649,port_scan,port-scan dst=186.142.143.84:470,1
2025-10-19T13:27:24+00:00,172.16.26.200,89.131.173.197,24434,405,UDP,ALLOW,11224,port_scan,port-scan dst=89.131.173.197:405,1
2025-10-19T13:27:23+00:00,172.16.26.200,25.77.119.64,57430,329,TCP,ALLOW,1896,port_scan,port-scan dst=25.77.119.64:329,1
2025-10-19T13:27:23+00:00,172.16.26.200,249.239.125.6,32192,87,TCP,DENY,545,port_scan,port-scan dst=249.239.125.6:87,1
2025-10-19T13:27:23+00:00,172.16.26.200,217.86.184.200,48070,871,TCP,DENY,11160,port_scan,port-scan dst=217.86.184.200:871,1
2025-10-19T13:27:23+00:00,172.16.26.200,244.55.47.97,34721,1018,TCP,ALLOW,4117,port_scan,port-scan dst=244.55.47.97:1018,1
2025-10-19T13:27:23+00:00,172.16.26.200,134.109.65.157,18981,180,ICMP,ALLOW,10562,port_scan,port-scan dst=134.109.65.157:180,1
2025-10-19T13:27:23+00:00,172.16.26.200,215.10.72.121,24411,485,UDP,ALLOW,456,port_scan,port-scan dst=215.10.72.121:485,1
2025-10-19T13:27:34+00:00,172.16.188.197,155.162.164.20,63878,3389,UDP,ALLOW,1182,,,0
2025-10-19T13:27:34+00:00,10.183.73,254.146.93.105,28837,443,TCP,ALLOW,8511,,,0
2025-10-19T13:27:33+00:00,172.16.50.123,164.10.70.181,32565,443,UDP,ALLOW,2626,,,0
2025-10-19T13:27:33+00:00,128.99.63.87,4.222.12.138,10685,38459,TCP,DENY,6120,,,0
2025-10-19T13:27:34+00:00,102.217.120.42,109.233.60.253,26575,80,TCP,ALLOW,4936,,,0
2025-10-19T13:27:34+00:00,71.18.213.183,75.16.149.228,29775,11198,TCP,ALLOW,9643,,,0
2025-10-19T13:27:34+00:00,10.106.150,207.56.227.54,10515,3389,UDP,ALLOW,4800,,,0
2025-10-19T13:27:33+00:00,241.73.219.213,2.233.34.216,29341,443,UDP,ALLOW,3630,,,0
2025-10-19T13:27:43+00:00,10.176.179,89.48.207.82,60412,34020,TCP,ALLOW,2788,,,0
2025-10-19T13:27:43+00:00,115.192.254.134,144.227.68.229,53762,1433,TCP,ALLOW,11895,,,0
2025-10-19T13:27:43+00:00,172.16.136.198,209.145.14.68,59718,22,UDP,ALLOW,1244,,,0
2025-10-19T13:27:44+00:00,192.168.202.106,131.239.80.89,26823,8080,TCP,ALLOW,10723,,,0
2025-10-19T13:27:44+00:00,172.16.208.194,191.75.21.201,33139,443,TCP,ALLOW,9936,,,0
2025-10-19T13:27:43+00:00,192.168.100.241,51.178.157.226,65364,53,UDP,ALLOW,11154,,,0
2025-10-19T13:27:43+00:00,192.168.106.32,216.235.17.203,51418,80,ICMP,ALLOW,8734,,,0
2025-10-19T13:27:43+00:00,192.168.222.249,128.226.190.247,18105,8080,ICMP,ALLOW,572,,,0
2025-10-19T13:27:54+00:00,172.16.130.16,24.163.30.238,40099,1433,TCP,ALLOW,2338,,,0
2025-10-19T13:27:53+00:00,10.228.169,180.251.94.115,30123,443,ICMP,ALLOW,1559,,,0
2025-10-19T13:27:54+00:00,192.168.166.161,172.183.162.48,8957,9885,TCP,ALLOW,7187,,,0
2025-10-19T13:27:54+00:00,65.113.89.74,111.25.58.164,23936,3389,ICMP,ALLOW,1924,,,0
2025-10-19T13:27:53+00:00,192.168.90.119,231.165.50.17,39897,53,UDP,ALLOW,7204,,,0
2025-10-19T13:27:53+00:00,192.168.80.186,162.63.167.122,28046,443,TCP,ALLOW,1976,,,0
2025-10-19T13:27:53+00:00,10.188.111,80.208.118.17,53087,1433,TCP,ALLOW,10475,,,0
2025-10-19T13:27:53+00:00,172.16.77.182,192.25.124.229,14929,1433,UDP,ALLOW,6774,,,0
2025-10-19T13:27:54+00:00,10.182.195,70.85.168.151,24283,3389,TCP,ALLOW,10368,,,0
2025-10-19T13:27:53+00:00,10.110.162,148.112.202.204,58269,3306,UDP,DENY,4764,,policy deny,0
2025-10-19T13:27:54+00:00,192.168.89.29,116.33.71.133,51255,80,TCP,DENY,5304,,,0
2025-10-19T13:28:03+00:00,192.168.204.191,97.127.234.245,11996,3389,TCP,ALLOW,3641,,,0
2025-10-19T13:28:04+00:00,192.168.167.215,54.59.121.249,18415,22,ICMP,ALLOW,3334,,,0
2025-10-19T13:28:03+00:00,172.16.20.245,197.186.62.160,23863,3389,UDP,DENY,11383,,,0
2025-10-19T13:28:04+00:00,10.149.139,130.98.248.177,27001,443,TCP,ALLOW,1832,,,0
2025-10-19T13:28:03+00:00,192.168.107.141,88.4.209.50,35618,46506,TCP,ALLOW,6397,,,0
2025-10-19T13:28:03+00:00,34.219.51.213,32.13.3.25,40401,59315,TCP,ALLOW,6882,,,0
2025-10-19T13:28:04+00:00,172.16.38.11,135.201.217.178,34091,53,UDP,ALLOW,11026,,,0
2025-10-19T13:28:13+00:00,172.16.115.240,224.7.95.183,44903,80,TCP,ALLOW,3944,,,0
2025-10-19T13:28:14+00:00,172.16.181.32,133.48.31.222,37423,34804,ICMP,ALLOW,9527,,,0
2025-10-19T13:28:14+00:00,6.204.237.93,15.168.27.143,16891,80,UDP,ALLOW,11963,,,0
2025-10-19T13:28:14+00:00,80.143.5.73,184.69.202.24,16237,19660,ICMP,ALLOW,6201,,,0
2025-10-19T13:28:14+00:00,158.40.222.136,91.123.164.78,39401,80,UDP,ALLOW,8367,,,0
2025-10-19T13:28:13+00:00,10.150.162,208.190.2.168,39234,18848,TCP,ALLOW,2634,,,0
2025-10-19T13:28:14+00:00,10.57.88,71.252.250.133,27956,9087,ICMP,ALLOW,10718,,,0
2025-10-19T13:28:23+00:00,10.107.100,249.107.57.149,64349,53,TCP,ALLOW,6906,,,0
2025-10-19T13:28:23+00:00,10.143.222,11.87.37.87,3552,3306,TCP,ALLOW,9641,,,0
2025-10-19T13:28:23+00:00,135.239.134.101,87.183.165.181,55087,53,ICMP,ALLOW,5592,,,0
2025-10-19T13:28:23+00:00,164.182.233.30,93.170.76.111,20669,4948,UDP,ALLOW,11710,,,0
2025-10-19T13:28:24+00:00,10.224.199,216.218.34.27,33501,29145,TCP,ALLOW,4379,,,0
2025-10-19T13:28:23+00:00,172.16.96.147,134.242.154.129,5397,8080,UDP,ALLOW,6497,,,0
2025-10-19T13:28:23+00:00,192.168.17.155,75.210.57.116,65391,8080,ICMP,ALLOW,4383,,,0
2025-10-19T13:28:23+00:00,172.16.148.106,20.232.179.40,24850,22,TCP,ALLOW,5422,,,0
2025-10-19T13:28:23+00:00,172.16.233.141,95.22.147.195,16956,80,UDP,ALLOW,7062,,,0
2025-10-19T13:28:23+00:00,10.83.155,253.209.85.109,1378,1433,UDP,DENY,7337,,,0
2025-10-19T13:28:23+00:00,82.3.17.233,17.56.108.20,36706,53,TCP,ALLOW,2520,,,0
2025-10-19T13:28:24+00:00,192.168.51.63,45.212.228.98,9575,3389,UDP,ALLOW,1826,,,0
2025-10-19T13:28:33+00:00,172.16.44.59,244.181.242.38,53423,34825,UDP,ALLOW,3262,,,0
2025-10-19T13:28:33+00:00,140.236.198.19,23.245.95.44,25228,22,UDP,ALLOW,9216,,,0
2025-10-19T13:28:33+00:00,172.16.134.135,180.237.122.144,62130,22,ICMP,ALLOW,6835,,,0
2025-10-19T13:28:33+00:00,232.137.12.79,209.247.28.241,11445,57547,UDP,ALLOW,6550,,,0
2025-10-19T13:28:33+00:00,192.168.71.184,175.30.240.90,20722,1433,UDP,ALLOW,3772,,,0
2025-10-19T13:28:33+00:00,192.168.128.50,206.23.183.136,15559,22,UDP,ALLOW,2658,,,0
2025-10-19T13:28:33+00:00,141.212.234.40,57.178.9.156,46736,3389,ICMP,ALLOW,2288,,,0
2025-10-19T13:28:34+00:00,104.178.207.47,148.5.31.138,3302,11636,ICMP,ALLOW,11809,,,0
2025-10-19T13:28:33+00:00,172.16.252.224,176.19.251.226,30325,80,UDP,ALLOW,1733,,,0
2025-10-19T13:28:33+00:00,10.29.54,35.97.163.160,1719,80,TCP,DENY,275,,,0
2025-10-19T13:28:34+00:00,192.168.64.252,13.2.179.104,43880,22,TCP,ALLOW,9169,,,0
2025-10-19T13:28:43+00:00,192.168.100.183,37.189.172.221,23452,31107,TCP,ALLOW,7106,,,0
2025-10-19T13:28:43+00:00,10.182.117,31.149.9.194,50356,443,TCP,ALLOW,2508,,,0
2025-10-19T13:28:44+00:00,192.168.211.151,173.193.182.160,46921,22,TCP,ALLOW,7613,,,0
2025-10-19T13:28:43+00:00,172.16.96.214,114.209.57.31,5385,3389,ICMP,ALLOW,9827,,,0
2025-10-19T13:28:43+00:00,172.16.28.33,60.84.117.217,20946,53,UDP,DENY,9157,,,0
2025-10-19T13:28:43+00:00,172.16.196.11,175.236.18.82,7794,443,UDP,ALLOW,3966,,,0
2025-10-19T13:28:44+00:00,198.213.9.18,104.164.212.189,38222,443,TCP,ALLOW,7233,,,0
2025-10-19T13:28:43+00:00,172.16.239.111,102.89.117.105,57643,443,ICMP,ALLOW,5947,,,0
2025-10-19T13:28:43+00:00,10.249.88,176.164.172.126,37770,3389,UDP,ALLOW,982,,,0
2025-10-19T13:28:53+00:00,172.16.72.107,200.90.72.26,16123,22,UDP,DENY,10416,,,0
2025-10-19T13:28:54+00:00,119.77.108.229,196.140.231.237,11600,3306,TCP,ALLOW,3981,,,0
2025-10-19T13:28:53+00:00,10.191.138,28.150.175.130,30590,10754,TCP,ALLOW,8098,,,0
2025-10-19T13:28:54+00:00,10.78.134,220.59.106.185,57747,1433,UDP,ALLOW,9350,,,0
2025-10-19T13:28:53+00:00,172.16.223.242,112.5.4.139,7882,3389,ICMP,ALLOW,9129,,,0
2025-10-19T13:28:53+00:00,8.43.90.109,237.69.73.22,18622,1433,ICMP,ALLOW,10358,,,0
2025-10-19T13:28:53+00:00,151.204.216.1,182.39.91.230,15616,443,TCP,ALLOW,7301,,,0
2025-10-19T13:28:53+00:00,192.168.135.4,95.110.183.77,23284,443,UDP,ALLOW,6588,,,0
2025-10-19T13:28:53+00:00,192.168.140.204,115.169.251.169,7406,3306,ICMP,ALLOW,2228,,,0
2025-10-19T13:28:53+00:00,10.85.114,162.235.43.88,3593,443,TCP,ALLOW,7027,,,0
2025-10-19T13:28:53+00:00,190.93.70.87,196.97.65.36,21764,443,TCP,ALLOW,4727,,,0
2025-10-19T13:28:54+00:00,152.26.35.201,118.137.244.247,45524,80,TCP,ALLOW,6832,,,0
2025-10-19T13:29:03+00:00,192.168.62.189,61.46.138.190,40125,80,TCP,ALLOW,817,,,0
2025-10-19T13:29:03+00:00,172.16.8.183,166.165.64.74,49447,1433,ICMP,ALLOW,9358,,,0
2025-10-19T13:29:03+00:00,192.168.201.217,150.34.250.114,52135,443,ICMP,DENY,3804,,,0
2025-10-19T13:29:04+00:00,75.46.94.84,75.164.246.116,37785,30047,ICMP,ALLOW,4810,,,0
2025-10-19T13:29:03+00:00,172.16.198.25,88.78.5.220,21476,53,ICMP,ALLOW,7728,,,0
2025-10-19T13:29:03+00:00,242.210.29.103,89.130.83.118,52467,8080,ICMP,ALLOW,11027,,,0
2025-10-19T13:29:03+00:00,172.16.86.16,230.180.19.139,62163,443,UDP,ALLOW,10824,,,0
2025-10-19T13:29:13+00:00,86.133.197.182,107.15.250.113,29062,1433,ICMP,ALLOW,10665,,,0
2025-10-19T13:29:13+00:00,10.176.124,110.193.115.196,5021,16002,TCP,ALLOW,4997,,,0
2025-10-19T13:29:13+00:00,183.33.131.248,84.196.68.183,28004,22,TCP,ALLOW,11327,,,0
2025-10-19T13:29:14+00:00,10.141.120,96.213.111.204,27073,22,UDP,DENY,11558,,,0
2025-10-19T13:29:13+00:00,167.84.18.162,115.57.226.227,23396,1433,TCP,ALLOW,6118,,,0
2025-10-19T13:29:14+00:00,172.16.234.207,77.138.10.232,31561,15154,TCP,ALLOW,1184,,,0
2025-10-19T13:29:13+00:00,172.16.192.173,73.247.101.173,8388,22,ICMP,ALLOW,7996,,,0
2025-10-19T13:29:14+00:00,172.16.105.240,168.187.47.67,50472,22,UDP,DENY,8405,,,0
2025-10-19T13:29:14+00:00,56.134.193.169,47.103.123.219,33537,443,UDP,ALLOW,4562,,,0
2025-10-19T13:29:13+00:00,10.184.227,158.222.223.74,25743,3389,UDP,DENY,3116,,,0
2025-10-19T13:29:13+00:00,10.133.236,232.246.205.145,3013,53,ICMP,DENY,11223,,,0
2025-10-19T13:29:23+00:00,142.252.4.225,83.48.193.207,11551,443,TCP,ALLOW,9719,,,0
2025-10-19T13:29:24+00:00,197.15.117.140,201.6.36.242,15716,443,TCP,ALLOW,5273,,,0
2025-10-19T13:29:24+00:00,42.253.22.245,2.151.51.179,1136,1433,ICMP,ALLOW,9096,,,0
2025-10-19T13:29:23+00:00,172.16.151.93,106.40.31.72,63162,3306,UDP,ALLOW,10715,,,0
2025-10-19T13:29:23+00:00,172.16.156.61,124.69.128.34,59610,443,UDP,DENY,9068,,,0
2025-10-19T13:29:24+00:00,172.16.255.128,76.238.88.169,64807,3389,TCP,ALLOW,915,,,0
2025-10-19T13:29:24+00:00,162.89.246.10,217.150.250.152,12931,3306,TCP,ALLOW,3055,,,0
2025-10-19T13:29:33+00:00,172.16.24.174,154.151.243.31,27987,8080,TCP,ALLOW,7459,,,0
2025-10-19T13:29:33+00:00,192.168.123.11,197.107.186.96,37601,1433,ICMP,ALLOW,6186,,,0
2025-10-19T13:29:34+00:00,172.16.49.141,108.225.27.47,1462,4624,ICMP,ALLOW,434,,,0
2025-10-19T13:29:33+00:00,64.201.191.138,88.246.75.33,63969,3306,TCP,ALLOW,1159,,,0
2025-10-19T13:29:33+00:00,19.212.190.217,145.11.156.73,34284,1433,TCP,ALLOW,5486,,,0
2025-10-19T13:29:33+00:00,172.16.203.148,168.47.146.105,14637,3389,ICMP,ALLOW,7063,,,0
2025-10-19T13:29:33+00:00,192.168.94.233,96.43.81.239,51596,22,UDP,ALLOW,10704,,,0
2025-10-19T13:29:33+00:00,192.168.92.143,202.129.172.121,51555,31641,ICMP,ALLOW,7409,,,0
2025-10-19T13:29:33+00:00,172.16.171.41,46.38.235.25,4871,443,ICMP,ALLOW,4002,,,0
2025-10-19T13:29:33+00:00,21.30.32.127,209.168.196.41,35448,43606,ICMP,ALLOW,10046,,,0
2025-10-19T13:29:43+00:00,201.120.72.51,6.78.18.3,44353,2229,TCP,ALLOW,10834,,,0
2025-10-19T13:29:43+00:00,192.168.237.92,219.175.179.129,48784,34621,UDP,ALLOW,9867,,,0
2025-10-19T13:29:43+00:00,10.242.68,94.185.194.125,45213,55615,ICMP,ALLOW,4266,,,0
2025-10-19T13:29:43+00:00,200.45.28.54,168.164.139.40,28869,1433,UDP,ALLOW,9990,,,0
2025-10-19T13:29:44+00:00,172.16.165.249,183.56.43.166,4650,19427,ICMP,ALLOW,949,,,0
2025-10-19T13:29:43+00:00,10.244.92,12.48.161.163,31031,3389,UDP,DENY,11897,,policy deny,0
2025-10-19T13:29:44+00:00,192.168.135.42,183.64.204.151,43246,4737,UDP,ALLOW,2270,,,0
2025-10-19T13:29:43+00:00,192.168.230.232,135.200.208.14,45772,80,TCP,ALLOW,214,,,0
2025-10-19T13:29:53+00:00,192.168.111.227,166.113.175.124,12787,53,ICMP,ALLOW,9921,,,0
2025-10-19T13:29:53+00:00,172.16.133.200,192.41.141.57,31464,47593,ICMP,DENY,5471,,,0
2025-10-19T13:29:53+00:00,240.241.228.22,5.131.14.206,43479,21266,TCP,ALLOW,6072,,,0
2025-10-19T13:29:53+00:00,172.16.82.203,18.9.11.82,16696,4535,TCP,ALLOW,9140,,,0
2025-10-19T13:29:53+00:00,10.74.110,207.20.92.232,31629,443,ICMP,DENY,10589,,,0
2025-10-19T13:29:53+00:00,192.168.114.68,191.72.194.91,45834,13919,TCP,DENY,6923,,,0
2025-10-19T13:29:53+00:00,10.253.78,31.252.25.201,64006,6664,ICMP,ALLOW,1863,,,0
2025-10-19T13:29:54+00:00,172.16.151.102,232.144.32.13,24407,3306,TCP,ALLOW,6824,,,0
2025-10-19T13:29:53+00:00,192.168.151.237,180.213.130.98,37759,53,UDP,ALLOW,11708,,,0
2025-10-19T13:29:54+00:00,54.160.202.127,136.84.92.66,12620,8080,TCP,ALLOW,10702,,,0
2025-10-19T13:29:53+00:00,94.68.26.63,83.221.190.252,51954,80,UDP,ALLOW,10822,,,0
2025-10-19T13:29:53+00:00,172.16.188.134,92.198.125.114,34876,22,ICMP,ALLOW,11046,,,0
2025-10-19T13:30:03+00:00,192.168.76.74,125.191.117.186,17966,22,ICMP,ALLOW,2030,,,0
2025-10-19T13:30:03+00:00,172.16.30.154,112.241.82.219,2641,3389,UDP,ALLOW,11339,,,0
2025-10-19T13:30:03+00:00,10.179.130,107.10.114.141,57936,3306,ICMP,ALLOW,6600,,,0
2025-10-19T13:30:04+00:00,109.98.221.137,205.154.46.121,19484,53,TCP,ALLOW,8385,,,0
2025-10-19T13:30:03+00:00,48.99.191.202,54.182.159.125,20014,22,ICMP,ALLOW,8898,,,0
2025-10-19T13:30:03+00:00,192.168.98.178,241.9.199.143,16391,443,TCP,ALLOW,11106,,,0
2025-10-19T13:30:03+00:00,210.52.118.185,199.89.32.242,60019,80,UDP,ALLOW,3811,,,0
2025-10-19T13:30:04+00:00,253.210.49.3,40.106.1.6,53391,53,UDP,DENY,6164,,,0
2025-10-19T13:30:03+00:00,192.168.10.72,144.160.130.203,5115,443,ICMP,ALLOW,8550,,,0
2025-10-19T13:30:03+00:00,192.168.181.170,208.98.246.84,65257,8080,UDP,ALLOW,8821,,,0
2025-10-19T13:30:03+00:00,145.88.230.132,156.108.237.12,11443,42913,TCP,DENY,5952,,,0
2025-10-19T13:30:14+00:00,172.16.214.191,1.136.74.148,16459,1433,TCP,ALLOW,2754,,,0
2025-10-19T13:30:13+00:00,172.16.200.36,89.63.57.199,7197,14060,TCP,DENY,2453,,,0
2025-10-19T13:30:13+00:00,10.138.132,149.200.217.156,52853,1433,UDP,DENY,6610,,,0
2025-10-19T13:30:13+00:00,102.247.50.182,135.201.128.217,58580,18175,TCP,ALLOW,1845,,,0
2025-10-19T13:30:13+00:00,177.250.109.231,71.25.163.57,7312,3389,UDP,ALLOW,5720,,,0
2025-10-19T13:30:13+00:00,192.168.246.76,195.41.247.72,65171,3306,TCP,ALLOW,7876,,,0
2025-10-19T13:30:13+00:00,172.16.168.141,87.173.209.153,4487,20512,UDP,ALLOW,10737,,,0
2025-10-19T13:30:13+00:00,192.168.200.167,236.27.151.203,6173,18462,UDP,ALLOW,8545,,,0
2025-10-19T13:30:13+00:00,160.227.128.89,138.31.68.105,57113,1433,TCP,ALLOW,3737,,,0
2025-10-19T13:30:14+00:00,172.16.39.166,201.53.5.20,35846,8080,UDP,ALLOW,5673,,,0
2025-10-19T13:30:13+00:00,18.4.230.22,153.165.223.179,43394,22551,TCP,ALLOW,3891,,,0
2025-10-19T13:30:24+00:00,192.168.160.237,12.2.140.56,64517,80,ICMP,ALLOW,6279,,,0
2025-10-19T13:30:23+00:00,172.16.121.217,238.103.246.251,40320,53,ICMP,ALLOW,5930,,,0
2025-10-19T13:30:23+00:00,172.16.191.109,241.5.38.196,31935,1433,ICMP,ALLOW,11151,,,0
2025-10-19T13:30:24+00:00,111.182.235.219,151.162.146.146,64418,16515,UDP,DENY,9167,,,0
2025-10-19T13:30:24+00:00,192.168.128.150,21.85.61.170,25379,53,ICMP,ALLOW,2604,,,0
2025-10-19T13:30:24+00:00,15.60.106.110,83.213.115.216,62596,80,UDP,ALLOW,6679,,,0
2025-10-19T13:30:23+00:00,192.168.6.224,152.129.81.199,58485,47213,UDP,ALLOW,8190,,,0
2025-10-19T13:30:34+00:00,172.16.125.185,93.95.180.68,64449,80,TCP,ALLOW,8660,,,0
2025-10-19T13:30:33+00:00,10.116.74,21.120.27.26,49943,8080,ICMP,ALLOW,10783,,,0
2025-10-19T13:30:33+00:00,10.29.12,99.195.141.24,39064,3389,ICMP,ALLOW,10189,,,0
2025-10-19T13:30:33+00:00,192.168.177.5,227.70.139.118,21608,39845,UDP,ALLOW,2825,,,0
2025-10-19T13:30:34+00:00,206.107.252.249,174.33.164.108,64838,3389,ICMP,ALLOW,11033,,,0
2025-10-19T13:30:34+00:00,192.168.226.250,85.42.216.97,61929,3306,UDP,ALLOW,2267,,,0
2025-10-19T13:30:43+00:00,166.253.112.136,200.225.110.133,65379,443,UDP,ALLOW,4499,,,0
2025-10-19T13:30:44+00:00,10.139.99,42.111.128.186,20971,19296,TCP,ALLOW,10357,,,0
2025-10-19T13:30:43+00:00,192.168.219.140,193.107.109.206,43367,22,ICMP,ALLOW,5593,,,0
2025-10-19T13:30:43+00:00,30.64.201.100,205.183.192.217,3425,10745,TCP,ALLOW,5293,,,0
2025-10-19T13:30:44+00:00,10.16.118,176.183.175.99,56552,3306,UDP,ALLOW,660,,,0
2025-10-19T13:30:43+00:00,68.229.110.89,4.77.77.212,44903,53,UDP,ALLOW,7466,,,0
2025-10-19T13:30:43+00:00,204.46.96.211,196.237.140.213,32085,4799,TCP,ALLOW,8168,,,0
2025-10-19T13:30:43+00:00,168.103.31.169,24.173.70.73,55936,51167,ICMP,DENY,1606,,,0
2025-10-19T13:30:54+00:00,172.16.190.249,8.233.127.188,16380,3306,TCP,ALLOW,1597,,,0
2025-10-19T13:30:54+00:00,172.16.142.23,140.249.231.30,10588,3389,UDP,DENY,8096,,,0
2025-10-19T13:30:53+00:00,107.31.161.61,218.106.81.24,50678,3306,ICMP,DENY,10467,,,0
2025-10-19T13:30:53+00:00,222.54.88.199,170.243.135.55,22816,8080,ICMP,ALLOW,6283,,,0
2025-10-19T13:30:54+00:00,10.199.156,227.29.116.76,28621,22,ICMP,ALLOW,1754,,,0
2025-10-19T13:30:53+00:00,192.168.206.3,104.40.154.189,59153,22,UDP,ALLOW,2288,,,0
2025-10-19T13:30:54+00:00,167.10.106.194,134.7.10.174,34992,80,UDP,ALLOW,2590,,,0
2025-10-19T13:30:53+00:00,192.168.184.83,83.129.127.218,44899,36591,UDP,ALLOW,7428,,,0
2025-10-19T13:30:53+00:00,42.144.254.15,79.140.111.182,56405,1433,ICMP,ALLOW,3713,,,0
2025-10-19T13:30:53+00:00,192.168.22.121,56.71.217.130,55926,61123,TCP,ALLOW,9118,,,0
2025-10-19T13:30:53+00:00,192.168.145.224,181.35.40.146,2397,50000,UDP,ALLOW,9944,,,0
2025-10-19T13:31:03+00:00,172.16.215.103,136.135.221.50,32312,63689,TCP,DENY,5958,,,0
2025-10-19T13:31:04+00:00,57.102.33.192,57.218.34.153,45998,22,UDP,ALLOW,3346,,,0
2025-10-19T13:31:03+00:00,172.16.225.124,166.125.66.144,45409,8080,TCP,DENY,6142,,,0
2025-10-19T13:31:03+00:00,10.193.29,253.51.162.173,2944,3306,TCP,ALLOW,5071,,,0
2025-10-19T13:31:03+00:00,144.215.110.190,106.125.157.28,60397,80,TCP,DENY,1818,,policy deny,0
2025-10-19T13:31:03+00:00,10.252.170,13.11.118.156,20280,53,UDP,DENY,11042,,,0
2025-10-19T13:31:03+00:00,172.16.73.154,65.45.112.149,15432,53,ICMP,ALLOW,9767,,,0
2025-10-19T13:31:04+00:00,31.152.64.86,58.165.139.24,59514,11262,TCP,ALLOW,230,,,0
2025-10-19T13:31:04+00:00,66.196.24.13,120.248.134.90,14453,22,ICMP,ALLOW,11969,,,0
2025-10-19T13:31:04+00:00,10.86.137,172.115.186.175,53757,44624,ICMP,ALLOW,495,,,0
2025-10-19T13:31:14+00:00,172.16.109.241,41.82.104.232,2924,53,TCP,ALLOW,8479,,,0
2025-10-19T13:31:13+00:00,10.28.229,28.178.195.248,39709,3389,UDP,ALLOW,7456,,,0
2025-10-19T13:31:13+00:00,136.106.114.198,109.246.102.236,62892,3306,UDP,ALLOW,2817,,,0
2025-10-19T13:31:14+00:00,101.98.153.182,167.16.19.166,9776,3306,ICMP,ALLOW,2327,,,0
2025-10-19T13:31:14+00:00,10.151.56,242.195.84.8,65371,53,UDP,ALLOW,4859,,,0
2025-10-19T13:31:23+00:00,83.12.219.148,82.249.243.186,11226,61126,TCP,DENY,3916,,,0
2025-10-19T13:31:23+00:00,10.48.182,52.181.41.42,23001,3389,ICMP,ALLOW,7995,,,0
2025-10-19T13:31:23+00:00,172.16.149.52,164.13.252.63,16660,62030,ICMP,ALLOW,1705,,,0
2025-10-19T13:31:23+00:00,172.16.254.88,103.243.205.131,29536,53,TCP,ALLOW,10316,,,0
2025-10-19T13:31:24+00:00,172.16.245.78,103.100.129.96,11263,80,ICMP,ALLOW,1294,,,0
2025-10-19T13:31:24+00:00,172.16.111.24,120.209.126.145,48039,22,TCP,ALLOW,6120,,,0
2025-10-19T13:31:23+00:00,172.16.134.167,68.123.111.35,42731,5224,TCP,ALLOW,500,,,0
2025-10-19T13:31:33+00:00,10.179.136,65.249.192.103,38487,3306,UDP,ALLOW,3658,,,0
2025-10-19T13:31:33+00:00,192.168.122.105,160.92.200.77,55204,3389,UDP,DENY,2447,,policy deny,0
2025-10-19T13:31:34+00:00,172.16.69.3,199.173.110.108,9223,8080,ICMP,ALLOW,5758,,,0
2025-10-19T13:31:34+00:00,242.223.55.198,18.197.155.2,48499,22,UDP,ALLOW,4450,,,0
2025-10-19T13:31:33+00:00,19.50.115.232,34.220.189.138,64729,53,UDP,DENY,6601,,,0
2025-10-19T13:31:33+00:00,172.16.73.38,12.90.188.252,51858,3389,TCP,ALLOW,9661,,,0
2025-10-19T13:31:33+00:00,192.168.158.116,19.87.198.82,22235,80,TCP,DENY,802,,,0
2025-10-19T13:31:33+00:00,172.16.41.194,89.233.237.11,13833,8080,ICMP,ALLOW,5175,,,0
2025-10-19T13:31:33+00:00,10.183.133,30.90.142.164,10567,22,ICMP,ALLOW,2800,,,0
2025-10-19T13:31:33+00:00,165.11.157.195,97.26.246.216,61399,1433,TCP,ALLOW,7559,,,0
